area,bedrooms,age,price
1660,1,29,262054
4572,5,27,705629
3892,4,30,586737
1266,1,25,178622
4244,4,42,649809
3971,1,21,581683
3719,5,20,588771
930,2,0,177838
2485,3,36,389880
1569,2,12,239037
3191,5,20,510093
3233,1,45,469816
1984,2,8,312111
4185,5,16,668346
4917,4,46,772154
3704,3,20,579540
1274,2,30,200629
1882,1,38,301835
3358,4,21,570733
2847,5,11,446930
3547,3,5,527971
1775,1,15,261761
2606,5,25,444062
989,5,4,203869
3534,2,8,567181
3805,2,45,560402
2699,1,39,356215
2067,5,13,326214
2328,2,43,358994
4002,3,41,631035
4356,3,29,630764
4690,5,25,769213
1446,2,44,224192
3688,1,28,547791
3235,1,18,473713
1400,1,46,228823
3163,3,7,518890
2861,2,22,447966
1041,2,41,141021
2841,3,34,471433
3624,1,30,539207
3412,1,34,510780
2163,5,31,360411
2278,4,4,364388
3356,2,15,522294
1575,2,16,262188
4814,2,31,717767
834,4,37,151281
3952,5,31,628469
2755,4,19,462052
2385,1,47,338271
4743,1,1,725481
3873,2,19,600193
1821,3,46,273718
4261,2,17,634142
3413,3,0,528697
4643,4,28,730633
2300,1,28,336293
961,3,18,160178
2781,4,43,447732
1795,1,39,280139
4142,3,5,672634
4598,2,43,675949
2075,2,38,330704
1816,2,49,309599
1137,4,45,190571
1678,2,7,266733
1876,5,23,314264
4793,1,19,698174
1179,4,13,227195
1292,2,4,210422
2862,1,40,416305
4684,3,39,726846
864,2,33,148689
3368,1,15,495683
2827,5,44,440510
3495,3,6,538822
2295,5,15,429020
1191,1,6,215192
4361,5,26,705290
3078,1,13,457691
3899,1,13,583211
1000,5,43,185768
3904,1,32,623782
3254,2,32,497877
4445,1,43,665426
1604,4,19,220120
3531,1,46,521801
3573,4,35,530572
2370,1,6,352760
3490,1,31,518937
4640,5,47,716457
1828,2,2,280480
1302,2,38,183759
1670,3,28,262279
1006,5,23,184305
2284,5,21,382505
1663,2,5,265860
3590,5,47,590577
1363,2,23,171957
4991,5,39,784049
2557,1,22,383970
2478,2,37,370516
4042,2,9,607683
1859,4,15,308355
2522,5,10,390629
4114,5,31,655734
3957,2,44,599311
3425,1,5,507168
3529,1,23,566663
2397,1,32,351141
3860,5,11,624381
3493,4,26,577665
4427,2,37,708392
2163,3,17,323483
2781,4,44,423606
2463,3,38,378396
2329,4,12,368492
2838,1,39,433122
4102,5,29,633740
3037,3,48,486882
2106,4,40,348372
4829,5,12,791630
3475,3,33,517779
2082,2,35,307130
1509,4,29,269809
4548,2,24,704531
1463,1,1,223212
2798,2,35,419309
4245,2,17,639563
4543,4,4,716021
2295,1,18,325943
4104,2,41,592435
4563,5,17,746058
2653,3,31,408341
2091,2,20,346676
4381,1,9,674569
4257,2,36,646790
2436,3,48,357195
4496,1,21,649684
3799,4,12,594711
3952,1,16,625438
1498,4,8,278479
2960,1,23,431491
4897,3,43,734138
1654,3,13,253018
4274,1,45,597658
2507,2,7,394582
3577,3,36,583051
2533,4,18,445702
4310,4,27,685158
1002,5,45,165746
4055,4,40,599260
1566,5,29,291341
3127,1,6,484994
3731,1,25,550825
997,1,39,130384
2730,2,45,419008
4382,2,45,638267
1408,5,10,260984
4072,4,13,619903
1947,4,20,366620
4197,1,7,622309
3311,3,2,538617
2594,2,27,371639
1459,2,28,221584
3611,1,22,558342
2169,2,17,358869
2786,1,34,426165
946,5,12,183135
4019,4,11,624030
3711,3,46,542096
2534,4,49,425675
2643,4,4,436517
1288,5,38,229964
3776,2,10,604707
2759,3,10,450584
3185,2,46,472201
3719,4,41,592238
2602,1,46,364849
4861,4,30,723127
4169,2,30,658586
1062,4,12,182515
1423,1,13,210864
1816,5,48,294078
4443,2,44,652405
2849,4,41,468876
4523,2,24,693939
3908,5,32,614124
4890,4,32,731986
2856,4,14,467475
3970,2,15,558987
2482,2,43,375454
3055,1,37,476613
1954,5,5,341891
3991,1,43,611276
2496,4,24,377816
4791,2,14,772420
2448,4,3,427645
2245,4,3,384769
4999,3,29,753382
4723,3,33,706659
1053,4,26,183531
3983,2,30,626505
3357,4,31,501739
898,3,43,143408
3000,2,38,465684
3761,4,8,618736
4577,5,40,731174
3669,5,7,568498
4034,4,13,661235
4591,2,32,693993
1756,4,22,270688
4867,4,20,759566
960,3,11,129326
2100,5,1,376065
4787,3,12,739495
2327,3,3,352147
2018,4,19,327398
3904,3,49,576950
3535,5,47,543878
1754,3,13,241379
4246,5,29,638956
1845,3,28,288156
2493,5,7,412414
4236,3,11,679379
1362,3,40,201664
3285,2,37,483710
4154,5,25,650995
1025,5,49,175309
1759,5,1,315179
3867,1,39,562423
1615,3,13,277174
3920,5,5,681504
816,1,41,95391
2043,2,39,314786
3005,5,30,486340
3324,5,16,561540
1869,1,24,282409
4244,3,31,636570
3365,2,11,495948
1860,5,48,317209
3127,3,12,471373
4220,2,18,667674
1101,4,43,194713
1406,4,47,229134
3970,2,24,577254
1499,1,30,233356
1939,2,36,325185
990,2,24,147998
3100,1,15,452661
1780,1,37,256659
3775,3,42,584588
1984,3,48,292975
4127,1,22,636033
4194,4,13,700814
927,4,5,183154
2865,2,24,431250
2616,5,22,440200
1369,2,42,227895
2695,2,11,421942
3533,5,12,583651
4663,1,35,706045
4814,4,38,725591
3701,2,33,567832
2486,5,5,393561
3809,3,37,569681
954,2,49,161513
3337,4,39,538470
2209,1,7,332446
4857,2,7,779165
1584,2,39,211896
3975,5,32,626148
3606,3,33,559902
1337,3,43,152885
2641,1,14,395996
3255,4,35,488260
1324,1,34,169565
3750,2,45,554555
4931,2,21,712636
4915,3,22,740090
3168,4,39,459654
4647,5,44,727525
3501,4,21,556736
1771,2,4,276679
1966,5,30,349828
3574,4,12,564176
2782,4,27,443338
1653,5,19,270329
4946,2,32,699834
4536,4,15,709993
4569,5,28,715831
1374,2,22,249298
4061,5,23,660998
1948,5,33,317437
2515,4,6,417083
4654,2,37,717740
3291,4,36,525985
3460,1,3,560878
3924,1,33,566312
3851,2,41,596650
804,5,21,151642
1676,4,4,293272
1791,4,49,272996
4942,2,41,737959
1435,2,22,228481
2493,1,14,388815
2482,3,30,388527
919,2,8,104127
1630,3,42,251961
4475,2,24,708658
2169,5,24,361652
1540,5,48,286969
916,1,20,134996
3638,1,8,520260
1950,3,47,290340
2731,2,37,399981
1812,4,21,296709
2464,1,42,334893
1881,4,22,310973
1312,4,48,206234
3649,2,3,591607
1359,3,28,195645
4472,2,14,688713
4143,1,0,639670
4870,4,29,771499
2270,2,28,339228
1380,2,19,221916
3094,2,32,475165
3947,1,40,549082
2479,3,43,373795
4306,2,35,647746
3544,1,21,532791
4156,4,12,658846
4845,5,6,782500
2043,1,7,351702
3918,5,27,612291
2941,2,44,446773
3859,2,42,603876
3759,1,8,533877
3065,5,24,503112
3279,2,15,470742
2435,4,9,444461
2557,3,10,418991
2870,3,30,453241
3649,2,11,524382
4051,5,30,632560
4530,2,13,683004
3289,5,43,557179
2431,4,31,403734
3616,5,49,534841
1815,2,16,293640
2148,4,34,315141
3887,1,0,560463
3639,3,28,570918
1135,2,3,203645
1695,2,22,272425
4346,2,27,695991
1651,4,15,287525
2487,1,11,380951
2731,5,20,425329
4546,1,44,687052
3227,4,16,483021
2368,2,39,396107
4800,3,12,761415
3538,2,31,590995
4298,5,36,684486
4713,3,49,730853
1866,2,14,287356
3244,3,11,510234
4907,1,48,701019
4173,4,14,629995
4769,2,33,722639
3346,5,5,548416
1553,1,16,213430
2882,2,47,410825
3574,1,48,522749
3696,5,19,573037
4985,2,8,770882
1575,5,4,263008
2425,3,22,387867
3869,5,32,591335
1217,3,37,171119
914,2,13,103355
1416,3,16,231194
4774,2,18,756181
4067,2,32,641996
1625,4,0,290231
2316,2,12,321379
3946,3,45,616277
1212,4,26,213313
1528,4,5,258569
4148,2,5,663847
3608,5,32,587508
1475,5,29,295980
4265,4,45,629137
3304,2,34,472051
3767,5,22,580870
3586,2,9,547699
1922,2,18,331063
4879,4,27,745878
2371,4,22,372605
2943,1,3,458295
2487,5,19,430413
4932,5,18,736064
4651,5,41,747944
4240,3,26,639895
4566,2,33,686351
3126,4,3,535765
3714,5,37,584271
4752,1,6,689162
1395,5,47,206271
1528,2,6,245617
2165,2,49,313562
1498,4,25,253389
1195,3,25,188724
4971,4,18,801478
3302,5,8,541795
2619,1,19,358090
1517,4,41,263380
3582,3,44,583425
4377,4,49,675148
943,2,15,158601
3940,5,16,617402
3738,5,21,595350
4436,5,12,719457
4022,5,11,670435
1967,5,9,349470
3416,5,0,598760
1862,1,31,275769
2956,3,29,436466
3782,5,7,591938
4094,3,20,658788
1956,5,21,353042
1532,4,17,228407
1753,5,1,308259
3339,2,47,493886
4124,1,43,592069
4101,4,8,622942
2342,4,2,374827
1991,2,25,287083
3793,5,20,581220
3481,1,29,534231
2017,4,27,334708
2340,1,35,334217
4036,4,25,591488
3186,5,33,505418
4519,4,7,724771
2188,4,9,348979
2656,3,47,381900
2165,5,42,351289
1299,2,49,197051
2480,2,13,345501
1310,5,39,254080
2124,2,14,306617
1955,5,16,326794
2627,2,17,429175
3941,3,31,608157
4286,2,37,666321
2610,4,22,451573
3723,5,45,556756
3014,1,22,469140
4986,1,34,767409
1513,5,38,250433
4402,3,14,677375
4934,2,23,710339
4322,3,27,680421
2043,1,15,258252
4509,5,15,738226
1881,5,39,284296
1255,3,38,227063
1694,3,5,289525
2184,2,1,367279
2758,4,12,431444
3872,4,43,572630
2796,2,46,381127
1304,4,8,253424
2014,1,33,308858
2331,4,16,395618
4240,2,26,648828
1623,4,28,280327
1728,5,36,285366
933,3,42,156356
2905,1,21,418113
4427,5,23,695695
2652,5,6,505666
4975,2,33,750528
3733,3,47,527017
4084,3,11,628928
3611,1,22,519499
2050,2,14,323684
4312,1,32,623012
2056,4,12,338163
4176,5,22,650603
4286,1,37,638343
4384,5,31,679552
2196,2,44,334537
4437,4,49,720021
4130,2,34,599411
3503,4,0,579927
1270,4,46,158443
2153,5,44,346294
3583,2,4,560028
3631,2,12,543689
1157,1,4,145802
3819,2,31,576589
1467,1,20,250692
1945,3,23,307321
4985,3,17,780421
4519,3,20,720387
3545,2,9,596679
1339,2,23,188304
3579,1,39,508367
4936,4,46,751555
4575,1,20,698558
3308,3,24,467785
3579,1,22,548925
1724,4,21,291065
3756,2,3,571221
2381,1,33,359160
4124,3,5,663892
1055,3,27,195310
2638,2,30,400995
2744,1,34,411120
809,4,38,148116
3671,2,41,574773
1597,1,22,246174
1815,5,5,332654
2624,3,15,433953
3936,4,1,669071
2993,4,23,465733
1023,4,16,217964
4958,3,44,801121
4725,1,0,708309
4800,2,5,733164
2433,1,4,364380
2952,2,44,453937
1310,4,49,174766
1184,1,28,163610
1204,4,11,209627
2800,5,38,443778
3556,4,46,542976
2468,4,2,399414
2260,2,47,351047
4436,5,0,726164
3524,4,26,589668
4978,4,47,778798
2848,5,23,443748
4946,5,43,766999
1516,1,18,222875
2623,2,7,415054
2881,5,43,482514
4219,5,46,663566
2374,3,1,389369
1049,5,29,193050
1473,2,29,242661
2965,4,48,449371
1570,4,38,227359
4762,4,44,745191
2784,4,31,449603
1877,3,0,338018
1035,5,37,138191
1188,4,12,210193
3837,1,10,582684
2648,4,9,402482
3614,5,47,566868
4174,4,25,677338
4078,3,19,673922
2052,2,16,339448
4781,2,16,722660
2922,5,3,512030
2950,2,4,478728
2129,2,22,318662
2158,1,45,299564
3282,5,9,534429
2817,5,45,429033
2131,2,27,319934
2158,2,32,337435
3977,2,42,616320
2928,3,25,449122
2980,4,49,490268
937,3,47,160052
4272,5,28,690713
3632,1,26,523419
4379,4,17,724505
3831,1,39,576217
4964,5,9,783446
3393,5,41,528267
4618,1,4,694490
4938,1,9,725833
4623,1,49,698716
4842,5,20,747981
2706,2,23,420196
1560,1,37,216501
4245,4,2,689165
1699,5,39,301484
3747,3,30,564171
2519,3,40,387172
1080,4,36,155132
4066,2,1,663410
2687,1,1,433910
4066,5,38,612989
1466,1,48,188561
4988,5,41,775003
1471,3,43,229925
2769,1,33,395128
4956,4,41,740001
3922,2,19,606700
4700,4,32,763789
1323,2,3,218043
3193,1,44,461115
3917,1,43,568113
3393,2,10,502015
2768,3,41,411260
2553,5,46,432672
3096,4,4,460982
3061,4,24,488552
3086,4,48,479459
3678,1,36,546067
4943,4,33,779498
4444,5,8,713823
2855,5,5,466670
2076,2,17,309767
3566,1,13,564366
1102,5,18,227121
1438,3,13,296752
855,1,39,113130
1325,1,16,187985
4923,5,34,780513
2925,3,28,463330
4087,2,41,625277
1164,5,16,233542
2446,3,42,388433
1718,1,7,285700
3597,3,0,593710
2331,1,44,362166
4145,5,35,609023
2706,5,6,457547
3886,4,45,581935
2875,4,4,490358
1513,4,23,209803
1862,5,27,345184
2776,2,42,398106
2096,5,16,334522
925,3,36,157874
4396,5,19,692434
4083,5,2,697037
2403,1,36,379710
866,1,25,117183
1032,1,14,178649
2956,5,47,458994
1969,2,7,300771
2958,3,12,481983
2293,3,47,379566
4807,2,2,731228
3272,2,0,503501
3460,3,8,551024
3539,4,30,537970
2561,1,40,405458
4314,1,25,626528
2775,3,16,425586
3162,2,33,513144
1676,4,8,291691
4612,3,12,754671
4248,1,4,640814
2112,5,40,397190
2260,2,12,365312
3509,5,0,561301
3124,3,24,471243
2533,1,46,337805
2405,4,3,372293
3363,5,35,523759
4221,4,9,648818
4317,1,27,592491
3197,5,5,543880
4535,4,26,722756
3670,4,11,591167
1960,5,47,297800
1042,1,2,198235
3390,4,45,522436
1863,3,32,276785
3395,5,9,559401
1719,2,30,266354
805,2,14,83694
1267,1,6,196431
4970,3,35,760410
803,4,13,146375
1445,2,47,186820
917,1,13,115210
3728,3,2,598481
3351,3,48,523882
1646,1,45,225439
3562,1,49,527446
1941,4,2,320991
2610,1,21,373935
1523,4,18,263739
1024,4,34,153618
2848,5,11,509575
2373,3,4,355199
2628,3,9,425376
2717,3,40,420554
2826,5,32,459129
4544,4,12,745267
1701,4,34,224425
2839,1,31,428584
809,5,10,160882
1060,1,47,157179
2473,5,37,403543
3019,1,23,449849
2860,2,34,407853
4513,3,18,684487
2419,3,5,452980
1120,4,39,200362
2142,2,44,340351
3176,3,43,477862
3632,4,41,547187
3624,2,34,562128
2794,3,3,409525
3758,1,32,544685
2838,5,12,462608
4290,2,35,664899
4477,4,42,698824
1918,2,18,289242
2404,4,42,386979
4827,2,11,732486
1035,4,10,211650
2769,3,5,447573
2708,1,11,445428
1175,3,26,187694
4330,1,40,664007
3435,3,24,535058
2370,3,41,351055
3360,2,2,575031
4191,5,2,703844
3765,4,19,599936
4443,4,27,708269
4650,4,22,704859
1672,1,47,216363
2052,4,2,369081
2114,4,41,336695
3698,2,23,560083
877,3,42,134791
3421,4,39,536691
1400,5,5,252415
1865,4,19,269607
2936,1,10,473717
3249,1,31,479638
3143,1,26,505080
2663,4,20,394206
2118,2,43,280877
4397,5,47,680541
4562,4,49,719350
2990,2,12,438106
1792,2,21,253130
3512,4,34,557239
2992,4,46,459542
2048,2,21,327581
3854,2,27,578701
4833,2,20,742652
2797,4,45,464372
4487,2,17,660199
2951,1,30,461345
4818,4,45,706117
3910,1,36,590686
2770,3,20,463885
997,4,13,172568
3426,3,24,544791
2002,2,26,297558
2835,2,39,437457
1277,5,22,185380
2054,2,30,316343
1722,3,46,273207
1219,2,28,215743
3004,4,46,486105
3397,2,29,511825
1920,5,25,330861
3868,2,19,561777
1750,3,37,306881
3136,3,18,505223
3043,2,26,426231
3445,3,24,539669
2657,3,39,415496
2665,5,37,415771
3712,4,22,587737
3653,5,28,566460
4028,1,14,579108
4519,5,2,714583
4028,2,9,623131
3171,4,14,527216
3691,2,15,567546
4556,1,16,704161
894,4,18,178074
3474,3,10,525392
2755,5,47,452572
1593,2,4,270324
2634,1,4,437936
2916,3,13,469113
4906,5,49,736706
4125,3,25,625168
3719,5,7,567298
3397,4,4,557759
4005,3,6,660829
1614,3,15,216777
1145,3,13,229174
3149,4,36,504294
1162,1,40,142768
3243,5,3,540083
3065,3,35,451363
2988,4,47,473508
3805,1,16,574017
4081,5,46,645736
1784,4,35,271721
2439,5,5,397883
1627,3,15,276586
3530,1,28,515445
4331,4,35,675130
3735,1,37,560809
4676,3,36,708952
926,1,47,148502
3977,1,47,579338
3856,2,9,589588
1403,1,40,187815
4249,5,35,690649
4946,4,28,753755
4333,2,13,688539
4167,4,3,666812
4168,4,43,697341
4597,3,41,685840
2592,3,35,426803
3661,2,49,554854
4276,3,44,639124
4217,3,12,667023
2445,3,45,383749
2005,4,17,325611
3830,2,32,587065
3672,4,20,604068
3872,5,15,633527
2654,4,14,422716
4821,5,4,761639
3508,1,5,531951
4302,1,37,659049
2132,5,2,353724
1001,5,47,184492
4307,4,11,649300
1374,5,35,250492
1336,2,32,219435
2425,1,35,396802
2922,1,32,450805
1185,5,30,204725
4081,3,20,601458
1274,3,26,218383
1217,5,26,213005
4400,2,7,683182
1754,3,36,260696
2005,5,31,331786
4920,2,25,711500
2790,2,1,417075
4372,4,11,666554
4958,2,21,770655
3513,3,16,532404
3003,3,6,505008
3920,5,42,600651
1766,5,3,355318
4232,2,36,597823
1488,1,37,223186
4501,4,31,700421
1141,1,10,151921
2524,2,0,387581
2592,2,24,391574
2559,1,41,378346
4012,4,23,611571
1789,1,42,265856
3062,5,16,503694
3282,3,7,534383
1751,5,44,273402
1522,3,26,237113
4189,2,17,668692
2879,4,26,440729
3517,1,21,499200
3132,4,15,489680
4176,1,1,600381
2300,5,4,426457
1085,5,17,198594
4295,1,2,647787
2865,4,26,471600
1568,1,16,222688
3857,2,15,586731
2961,5,5,476611
4093,2,6,595849
1746,5,49,288415
4135,5,13,684264
4950,3,37,755585
2281,2,39,361045
2701,2,14,396234
4251,3,46,629569
4864,4,46,720714
854,2,47,131931
2623,1,32,381097
4262,3,42,641198
3879,2,26,602229
1632,4,28,261340
3606,2,36,564493
3290,5,4,546213
1127,1,28,157727
4110,3,31,599967
4100,5,5,675765
4475,4,1,716408
3854,5,5,632221
2943,5,45,476209
2111,4,42,325068
3991,5,3,644122
3338,3,28,507528
4783,2,24,750451
964,5,8,185097
1622,3,2,259915
1743,2,25,295325
1574,2,47,256799
2998,5,42,483427
3956,3,26,607802
4495,5,35,699159
4252,4,31,661420
1714,2,0,259605
2108,5,15,368367
4977,2,47,776100
1313,3,10,233202
2720,1,25,383435
4394,5,39,698702
2209,5,0,385240
3990,2,25,614925
2355,3,27,353358
1604,4,8,276667
2079,3,43,338011
4377,5,21,674650
3701,4,7,582667
2187,3,48,328292
3561,1,41,543617
3479,2,26,551799
2906,3,38,408597
3568,3,18,576150
4753,1,24,734529
3986,5,37,651693
4080,2,20,611407
3373,3,23,519853
3399,4,23,507001
4833,3,18,704050
1036,2,49,143669
2104,3,46,324129
4230,1,1,647535
2101,3,13,355072
3341,3,31,576872
2851,4,41,439230
1241,1,31,159538
2876,1,27,438822
3980,3,47,607944
3457,4,38,528059
4598,3,39,718417
1604,3,41,233861
874,2,46,125528
2975,2,39,445331
4724,4,12,723645
2889,5,11,443655
840,2,7,146879
2881,5,14,502524
2422,1,25,380018
1141,2,11,206205
4852,2,42,710821
2874,4,45,452881
1445,5,26,225266
1409,2,17,226228
1254,2,44,213875
3753,4,35,613846
2508,4,48,432808
4272,5,26,697583
3769,1,8,580864
3828,1,38,582694
3481,3,0,565761
4429,2,6,665204
3867,5,25,587243
2186,2,6,362555
4576,5,6,775266
3666,5,7,614879
4163,5,15,629175
4924,2,2,747213
948,4,44,156266
4650,2,9,675879
2858,5,49,426662
1936,3,6,316658
986,1,20,153132
3654,5,36,560379
2050,3,30,294041
2133,4,22,372816
4993,5,26,778299
4950,3,21,757211
3511,5,38,546716
2585,2,26,379326
1550,3,48,264555
2562,2,3,385204
4720,2,23,720093
1281,3,22,211324
953,1,47,90486
2324,3,18,374418
2920,1,41,396620
3143,5,2,533159
2040,5,26,319271
860,3,2,168440
1738,5,27,288609
2439,4,16,384363
4920,2,30,747211
4369,2,9,641412
2052,1,48,292415
971,5,21,200795
2258,1,29,355052
4349,2,48,639097
4997,2,20,753216
3122,5,35,470961
2436,4,22,379385
3915,4,37,577547
4890,5,11,786801
3804,5,24,625443
1129,1,19,160765
4440,5,48,670835
4694,4,48,726263
4907,5,41,748190
2141,1,6,341588
4463,1,28,704158
1015,1,47,121061
1138,1,28,151866
4862,3,12,724108
3508,5,2,578122
3952,2,1,613862
2550,5,15,419588
3221,3,29,498972
1509,1,37,196976
4526,3,5,673136
4442,4,44,669118
4793,4,6,717639
1288,5,4,223509
846,5,6,180094
4159,2,33,628543
1200,2,31,149024
4790,4,48,755486
3957,1,12,593658
1190,3,29,168013
4653,2,24,698662
1428,2,20,212539
3730,1,20,542145
2321,1,27,360901
1626,5,47,248273
2300,3,19,369192
4094,1,33,580773
3219,2,4,500112
1734,2,17,276908
3842,4,38,602646
2266,1,42,330516
4361,5,10,694369
1414,3,16,212818
1982,5,47,302748
4023,2,44,607426
3467,5,21,534321
930,2,36,111685
3783,2,19,606545
838,2,47,117005
4759,2,47,723050
4387,2,47,672019
1720,4,45,276522
3569,5,5,575314
4911,4,33,752954
1292,4,13,259460
1931,1,47,264973
4321,1,22,650678
1110,1,19,180546
1538,3,12,259714
4041,1,46,614837
1345,5,43,222517
3261,4,40,522617
2604,5,31,389207
4012,1,25,626238
4610,3,49,719463
1613,3,13,259361
4924,4,35,769876
2832,5,7,489121
1044,2,39,136344
1071,5,21,197259
4311,1,21,620035
2571,2,15,420918
2062,3,26,342755
3224,4,9,513481
1720,4,24,278061
4230,3,30,646520
3424,1,20,495654
4560,3,26,697519
2850,1,16,408745
4300,2,32,666966
1965,3,30,332488
1175,1,49,180653
2833,2,41,400566
945,3,25,155080
1231,4,20,226344
1504,3,35,253475
3432,5,0,528022
1763,3,3,307759
3034,5,3,478734
2841,2,25,430570
2628,3,3,447849
2908,2,48,454641
4868,2,8,772722
1738,1,29,234874
1606,2,44,222514
2263,2,3,346693
4215,3,4,657321
810,3,44,133834
2668,4,22,454745
1684,1,15,236527
4364,2,21,651522
2189,1,36,348822
4201,5,7,653469
1624,2,47,254637
3065,1,32,451977
1736,4,37,289661
3600,4,42,542772
3353,2,15,529593
4645,5,4,731665
2596,4,15,393508
853,4,6,174550
1526,5,0,228838
3536,1,8,525039
3970,4,17,632822
2713,3,44,430105
2396,4,46,400930
2714,1,2,451650
3266,1,23,517834
3537,2,27,540880
1649,3,9,295362
2909,1,8,445872
802,5,12,178018
4869,3,47,724863
1692,3,34,276041
2830,5,22,454035
3960,4,46,607529
3176,5,16,527704
2733,5,45,479277
2180,4,6,371895
4481,4,15,704415
2090,4,39,317364
2440,4,35,406424
3482,4,19,546090
1787,5,23,314033
2018,2,46,313738
2155,2,4,366532
4935,1,44,745097
2360,2,5,347030
2218,2,27,304856
1754,5,4,325129
1783,4,48,285170
1774,4,38,294929
4933,5,37,805845
4772,2,1,722968
1713,5,42,311778
836,1,38,104266
4187,4,20,689355
2511,3,39,402160
3820,1,36,534857
1595,1,17,232404
4836,5,47,790213
3911,2,45,619953
2124,4,11,365184
1117,3,16,196634
3196,1,36,476194
2962,3,45,460540
3545,2,37,530433
2391,2,14,395870
3911,3,6,625206
4730,4,13,723692
2796,2,49,427999
2112,3,0,350099
2085,1,37,298000
3183,3,2,544420
4039,3,36,619925
2939,5,43,430213
2504,2,30,375773
1162,4,42,213169
3404,4,12,526070
2516,5,47,423090
4538,4,17,692246
3269,3,16,539083
1356,5,16,233948
1625,1,10,241714
3608,2,19,543181
3519,2,9,555299
4308,2,28,689082
4541,3,47,687946
2374,1,33,349381
4798,5,16,750234
2929,5,41,436303
3203,2,12,484979
4129,1,43,582669
1388,1,46,157453
2812,1,38,411260
2347,4,26,368198
1094,4,25,219131
2785,2,27,407137
3917,1,12,604957
2490,1,11,391016
1936,5,43,345642
2864,5,27,462415
1807,2,1,316930
3314,1,36,500318
4326,2,33,675185
2047,5,22,393933
4702,5,44,730835
2235,4,28,364666
1371,2,34,201413
3182,2,10,523146
2045,1,47,345343
2884,1,32,441283
1077,4,10,164348
2687,3,8,411387
2065,3,13,356441
1840,3,8,279112
1717,2,38,246539
1685,2,47,236537
3552,5,2,580256
821,2,28,134284
3991,2,18,571861
3153,2,35,444901
1486,4,31,217328
1084,2,6,151919
4547,1,27,678870
1562,1,43,226691
3228,5,17,545963
3307,4,4,545148
828,1,22,111554
1706,4,21,289998
3904,4,25,634184
4799,5,41,744802
3794,4,11,597391
3306,2,39,477500
4409,4,18,676253
4353,5,46,693661
2253,5,0,387873
4156,5,2,711567
1315,1,26,180715
838,2,17,152427
4142,1,49,614528
1686,3,29,266612
3644,2,1,557389
3004,4,4,500602
1898,5,28,331553
2623,3,32,411489
4001,2,41,608162
3955,1,19,594479
3893,5,29,586626
4330,1,41,640687
4578,2,4,699328
3696,2,49,588824
4253,3,20,670617
4311,4,14,683680
1788,1,19,277956
4916,3,7,743437
4826,5,48,737704
4979,4,30,765154
2482,3,11,404568
4763,1,20,705754
1733,2,29,255421
4398,5,26,675342
4033,1,43,593952
2780,4,25,447811
2655,4,32,430820
3856,2,25,571979
1592,2,25,253715
1591,5,35,250344
2609,5,39,417468
3055,2,0,484281
4410,2,14,669325
2407,4,49,345313
1784,2,0,258747
4476,3,10,700817
4180,1,1,648093
1319,2,0,224636
1390,5,30,255574
1850,3,43,280389
4433,5,15,722218
1759,3,21,290071
1492,2,41,210510
4699,1,17,716639
3746,5,46,594821
1326,3,16,254349
4024,4,29,656686
3053,2,9,471603
4144,1,34,606246
4765,2,20,755932
2675,4,15,444780
2563,1,5,388467
1320,4,2,197218
1816,2,40,257290
916,3,42,129899
3233,2,20,492022
1383,2,12,233820
1194,2,17,206025
4588,5,23,756700
3568,4,26,580827
4967,4,3,757540
4660,4,21,749100
1073,5,23,234116
2813,3,39,466126
2189,2,44,302092
4366,3,9,676578
965,5,1,213469
2367,4,39,352383
1528,2,5,212201
2843,1,47,419229
4997,1,17,737538
4296,3,16,633770
1578,4,37,282790
1013,1,44,143236
4562,3,22,692886
2376,5,45,364626
3248,3,29,506191
3736,3,20,590708
3917,3,9,619568
1391,2,42,177271
3520,3,12,561537
1513,3,11,265338
1735,2,8,269381
801,2,3,159442
3648,5,38,561161
4844,4,23,780911
2749,1,33,408496
1717,1,38,238626
3974,3,40,599731
3041,5,4,524135
889,3,14,161094
2509,1,49,374751
2969,2,3,485343
3841,4,38,586630
905,5,7,184795
1686,2,48,244410
1227,4,44,222391
2695,5,23,435100
1116,5,27,204856
1434,1,42,250014
2725,2,26,441452
2856,5,0,457695
3944,5,33,643139
3070,4,16,506275
2239,1,36,305837
1352,3,37,212098
1515,1,25,205795
4711,3,23,677297
2513,2,38,375030
4189,2,20,628228
1907,5,29,299531
1050,2,46,154308
3230,5,47,468587
2854,1,12,432925
1258,2,36,191007
1007,1,2,173624
1699,1,31,217286
4261,2,34,684938
4185,1,18,663866
821,2,13,121185
1209,2,47,207044
1694,2,21,280741
1314,3,16,210311
4909,1,3,732712
2934,4,44,447475
4395,2,39,716277
3756,1,18,591602
2360,5,36,381944
2066,2,1,327071
2969,2,14,475298
4438,4,1,721272
1549,3,10,238212
4227,3,44,648000
2727,2,22,406999
4604,1,9,699143
4502,5,2,723339
3156,5,4,541752
3135,1,2,473884
1106,2,37,169766
4465,5,12,676188
2789,3,41,434323
1461,1,18,204579
1111,4,39,156807
3720,2,49,576082
1882,1,34,274464
3771,5,23,562606
1554,2,23,225927
4930,3,16,761600
1152,2,39,173994
1702,2,9,260811
4688,3,1,665394
958,3,43,141161
2777,2,22,446970
1756,3,5,318947
2871,1,1,428000
1203,3,20,238116
3579,3,34,517509
2187,2,48,307849
4253,1,28,651779
1755,4,6,314931
2512,4,28,402607
2073,5,36,320567
4611,3,22,688214
3425,3,32,513236
3182,1,7,462233
2241,4,11,373264
3779,5,45,592504
2597,1,47,352822
4809,3,9,739752
2194,4,14,309111
2069,5,23,355634
4514,2,25,698934
1329,4,46,198113
4423,5,41,677222
3758,1,38,559857
3714,2,2,578225
4391,5,1,723612
2947,5,5,474016
4169,3,20,632138
1739,4,8,292436
1325,3,9,202927
801,2,35,117800
1174,5,2,204104
3140,3,40,489351
4805,4,23,730543
3852,2,21,592357
3165,1,48,489882
2325,3,13,380814
2446,2,41,369917
813,1,44,82677
3078,3,43,497980
3955,2,26,622564
929,2,32,140223
4614,3,21,703917
4016,2,28,592120
3738,5,18,637487
4728,3,18,745879
2840,2,5,428331
827,1,44,134035
2913,1,18,464732
2052,5,12,351375
2846,3,25,437513
4823,2,21,713088
4174,2,20,650248
4266,1,35,623858
3881,5,1,622281
4578,1,46,673469
1429,1,43,186489
1069,5,29,226418
3439,3,26,552208
2793,2,6,437481
3691,3,19,557125
4232,4,49,634354
2080,4,30,320172
3160,4,22,478386
1375,5,12,256703
2107,1,16,305201
3992,3,3,613308
3978,2,13,593921
3534,4,19,580671
3012,3,12,460628
3152,4,2,537180
4368,4,25,676946
2455,2,25,350848
2379,5,17,407735
3003,1,31,462695
2190,5,13,354839
2542,3,46,389564
2725,5,2,464119
1419,3,0,244762
2074,3,25,319437
1756,1,23,279532
2739,2,48,401827
4753,1,34,693836
3181,5,13,485348
1768,3,2,259084
2116,4,12,355718
1843,4,46,291909
1081,3,49,185398
3644,1,13,572705
1858,2,20,283797
3332,1,25,516272
4628,3,2,711963
1808,3,39,278702
2029,2,3,319280
1835,5,35,339331
1075,5,42,164680
3540,2,0,552182
3089,5,39,479929
2039,4,46,316869
925,5,32,165914
4865,5,6,778191
4668,5,10,772138
2008,4,26,366240
4049,5,13,663981
1718,4,21,267617
4723,2,15,717457
2769,1,45,408062
3593,2,11,545311
1691,1,48,234108
2833,2,45,421026
2164,1,9,345544
928,1,23,148303
1814,3,45,267396
2599,1,17,403206
2318,1,21,381687
4981,3,8,742891
1998,5,16,332953
4673,5,37,722182
3274,3,39,503198
4285,4,12,640272
4849,1,49,740071
4519,1,36,670785
1102,3,5,198762
4752,3,20,736446
1786,4,35,280069
2663,5,6,460423
3872,2,35,583404
3924,5,24,584906
2127,1,10,321886
3208,3,43,484148
4473,4,13,718384
4091,5,44,695678
4833,4,28,758503
1503,5,9,313345
1374,1,49,177875
4032,2,47,588857
3432,4,4,547871
4628,4,7,739203
4030,2,45,589187
1288,4,4,198963
2147,4,23,351011
4481,5,39,679790
3973,5,25,655766
2467,2,5,400427
2437,1,15,352859
4914,4,35,768715
4353,1,11,646486
1800,2,10,283956
1650,2,2,265666
2188,5,43,349987
4512,4,36,715413
2167,3,5,330166
1621,2,18,264889
1254,4,17,225690
2424,1,15,338008
3572,5,22,558911
4526,1,42,646022
3947,2,36,586721
4889,2,8,750318
2990,1,2,438932
1716,2,7,293282
4786,4,37,760555
3675,2,3,594438
2240,5,11,326139
1535,4,43,287713
4368,3,30,673521
4138,2,24,629645
3815,2,15,582712
3689,5,41,556425
1761,5,13,314845
3789,1,12,604588
4648,1,40,690280
1826,1,6,258598
4665,5,11,713743
3663,1,36,535569
3301,1,49,465769
2747,3,3,454601
1977,1,1,333458
811,2,34,134043
4164,5,43,651398
3822,4,2,609649
4171,3,3,655571
3630,5,37,552801
842,5,11,182845
1743,2,18,250833
3190,1,9,506323
3345,2,0,514485
3211,1,16,500266
1804,1,15,243634
820,5,8,185475
1206,1,8,214150
1814,3,8,272468
2638,3,11,417929
3988,3,40,614897
1514,5,14,277777
4946,2,1,754608
4654,4,10,722783
940,1,10,151065
1763,4,7,308001
1172,2,31,167751
4435,2,5,666249
3341,5,19,565877
4410,3,38,674653
2492,3,34,341365
905,2,7,176600
2481,5,49,385707
4897,5,48,761884
4816,1,42,718897
3436,3,33,499226
2937,2,18,445773
4216,4,6,695751
4330,3,30,686287
2086,1,17,308592
3979,5,39,641666
4454,2,13,698550
3159,3,38,500780
1244,4,35,186179
835,1,16,160073
2275,1,36,323973
4757,3,43,724236
2598,4,8,418674
2645,1,19,401845
2208,2,44,311914
2508,1,27,368197
3738,4,49,579855
2100,5,19,379992
2043,5,40,358528
4776,3,35,751991
3897,4,26,628923
809,1,7,164783
3225,1,31,472447
2460,5,0,415844
3431,5,16,552671
1872,2,8,295577
4025,5,19,615525
2116,2,44,320695
4945,1,31,746171
4483,2,1,686801
4073,2,31,580303
945,3,44,150178
3840,5,8,596105
2262,2,29,353346
2384,1,19,360486
1282,4,37,218147
3979,2,0,595629
2049,5,4,380581
1430,3,34,230904
1461,1,35,193365
4303,3,0,687042
3652,4,13,583254
3266,2,8,542638
1787,2,29,262492
2346,5,23,365449
1449,2,3,241636
1768,1,49,270944
3437,4,13,595509
1900,3,24,371372
1240,4,3,193459
1569,2,24,240645
2143,3,9,322065
4529,5,34,707402
4706,4,6,792444
2377,3,41,349655
4808,3,12,744760
4151,3,3,639532
3149,1,49,437784
4402,4,42,715155
2041,3,35,287864
1925,4,13,320599
3401,3,17,533409
1990,5,7,344339
4931,5,31,767835
872,5,26,200086
2714,2,41,364362
3272,3,36,511529
3846,2,22,595519
1507,4,6,268789
2604,2,11,388483
4513,4,24,729050
3364,4,2,566699
3275,4,25,501428
4410,2,3,656042
3623,3,41,525127
2535,2,35,387258
2385,3,14,381685
866,3,31,137177
3861,4,28,646776
3228,2,9,490478
4953,3,20,766699
1141,5,15,209763
3574,3,46,582362
3617,5,18,543756
3461,2,28,518951
2032,2,17,328585
4674,2,43,695152
3201,3,15,476563
2294,1,0,357631
1461,3,47,193223
4683,3,1,745354
4419,4,14,687584
2668,4,38,409570
3134,3,27,507523
4174,5,0,656035
1816,4,4,279550
1007,3,41,142340
3465,1,21,560190
3293,5,35,506376
1432,2,45,219610
2902,3,12,476167
3759,3,0,575055
3883,5,15,606180
2731,4,40,433253
4519,4,21,711856
3362,4,31,555752
2479,2,15,368965
1036,5,14,190854
2340,5,45,435267
4743,4,41,695097
1163,4,11,168996
3168,1,0,457539
1085,1,16,186782
948,3,40,143434
4837,3,49,722277
2566,5,27,402095
1812,5,6,337168
3631,2,8,533298
3307,2,21,493919
2323,1,25,327437
3585,3,11,508804
3356,1,6,500835
4525,1,45,665066
2401,3,46,351639
3208,2,14,488834
1140,3,37,177647
3617,4,20,569889
3296,4,13,506819
2525,4,1,396020
2489,5,7,420788
4067,2,44,578528
1061,2,5,172367
2242,5,36,401009
1205,1,36,171973
2990,4,32,435968
1043,4,40,180046
4907,1,5,759919
1360,3,25,205593
4937,3,38,745570
3525,2,40,511196
1393,5,36,231706
2626,2,13,394089
4029,3,36,625063
4087,1,7,652715
4873,2,38,733094
933,4,12,143115
3938,4,12,675288
4719,1,39,710007
872,3,42,155529
3778,4,27,591925
2785,4,17,453904
1592,5,18,272963
894,2,37,153673
1933,3,31,294901
1037,2,21,174837
3746,3,1,610788
3330,4,12,558418
2760,5,22,473638
1848,2,24,264728
3329,4,27,557304
3764,3,10,602885
1763,2,32,274561
1336,2,23,217317
4479,4,1,708182
4987,2,29,744217
4524,5,16,713229
1342,5,39,257562
1645,4,33,271871
4403,3,37,677584
3836,4,21,606102
3294,5,4,528741
3519,1,47,471413
2684,1,39,408474
4938,2,15,766455
4001,2,12,613920
3510,1,25,502195
2753,5,30,484366
4650,2,38,691676
1489,4,47,244815
2750,4,22,427437
1256,5,47,187905
2930,2,11,465792
4776,4,13,719883
1979,2,17,312930
4365,2,26,666388
1682,4,27,256404
1199,1,17,155421
1408,4,15,228291
2438,5,15,395648
2948,3,12,435605
2182,4,28,330797
2203,2,8,347968
1619,2,25,290142
4092,4,27,660452
1619,3,40,256060
1219,4,12,239416
4102,3,35,650909
2308,3,8,366100
1567,5,46,267207
2844,2,13,459657
2939,2,11,477639
3829,3,31,611331
2349,2,37,333309
2564,1,2,417101
3445,3,15,576411
4516,2,19,717768
3093,1,31,436739
3508,5,22,538460
1700,2,16,276304
3884,1,15,614596
2809,4,37,447373
1041,4,7,187950
3185,1,18,476946
1471,3,29,256559
963,3,33,151517
1264,2,13,212719
3842,4,21,603192
3242,3,43,477033
3155,3,16,475916
3357,4,14,547056
1345,5,49,173141
4635,3,47,711335
1393,1,31,200037
4604,2,12,723521
2259,3,20,370879
4293,3,48,650842
3401,5,39,519302
3244,1,32,460335
3472,2,26,514900
816,3,34,152771
3991,2,15,646524
1192,4,27,211897
1224,3,33,185315
1371,3,46,202949
4431,4,0,695869
1920,5,40,338802
1041,3,47,153478
4697,2,30,708676
4895,1,35,753645
3079,2,43,449000
1588,5,32,283341
1514,1,32,239109
3649,2,38,549618
1575,2,17,286832
4826,4,22,786209
3047,5,22,501311
878,4,14,148623
4726,1,25,691268
1655,4,29,278002
2948,5,24,458399
1831,3,44,288028
4071,3,15,666911
4376,1,38,648649
4982,3,47,753421
4256,4,44,673463
4306,1,13,659896
1207,5,16,200083
3511,1,11,522045
3888,1,28,617079
2468,2,31,381208
947,2,23,130421
4697,1,12,704713
2750,3,19,397348
1165,2,14,150599
2474,5,3,439245
3346,4,33,525310
1362,2,27,221177
4362,1,49,662957
3289,3,1,529639
1572,4,46,267462
2837,2,29,436196
4223,3,25,676677
3367,3,46,547518
2373,3,25,377441
4494,1,19,677752
4091,5,41,649553
2046,3,27,321289
4519,4,19,700344
4639,2,10,731816
1159,4,9,201371
3176,1,22,466267
3809,1,36,581317
3793,4,40,608452
1762,5,18,351969
4432,1,44,677193
2627,1,17,412090
2413,4,48,397376
2440,1,26,360042
3016,5,5,511144
1177,5,9,234242
1169,5,1,214008
2996,2,23,456921
4547,5,37,732597
1451,5,27,253779
1569,2,27,254081
3221,3,44,509085
1580,1,49,239502
2516,5,38,443013
4783,1,1,715324
2111,4,45,367000
4159,1,4,641335
1322,2,49,210480
1321,1,10,217089
3120,1,9,486427
1735,1,42,236502
3030,3,1,499945
4840,3,14,720223
4497,4,38,737455
3637,2,40,553186
4883,1,36,747649
3261,1,6,509786
4043,1,19,607681
4159,1,33,606535
1485,3,34,221143
2960,4,33,483087
4788,5,21,772239
4866,2,30,746068
2367,1,22,351694
838,4,18,164964
3344,5,3,541642
2056,4,23,323283
3790,3,19,583453
2996,5,38,475733
4268,4,27,695984
3508,3,38,509899
1101,4,16,196489
1446,4,18,260546
2559,5,47,450060
1397,3,34,210401
1461,1,31,191331
2168,2,46,336659
3381,5,45,537947
4668,3,46,702784
4337,4,45,676802
1082,3,38,190536
4478,2,34,689440
2286,2,29,354434
4882,1,16,760636
4983,1,41,740897
1260,2,46,186862
3125,5,28,519027
4554,5,5,705389
3268,4,16,534515
2524,1,16,374535
2176,4,13,333300
3543,1,23,538453
1314,2,49,183434
1502,5,36,225010
2453,5,39,381027
2866,2,38,464693
822,4,31,136666
3260,4,35,517959
2104,3,49,299417
4100,1,36,649018
1161,4,47,192036
4527,2,13,678868
2084,4,26,357301
1314,5,18,279103
1248,1,30,174034
2655,3,45,391669
4362,1,8,706203
3320,5,37,527046
3881,5,16,619417
2228,5,18,332312
4767,5,43,742876
1722,2,3,249681
3937,3,47,585848
2959,5,10,448563
3347,5,21,566252
3779,4,3,576017
3081,3,16,445334
3449,1,7,505685
1113,3,45,199396
3413,3,33,516550
3883,3,10,601224
3056,5,30,502968
1837,5,10,317516
4289,2,37,669609
3434,1,20,510307
4783,4,45,730485
2578,3,29,447483
4695,1,9,710853
1924,1,25,290711
1497,2,26,227341
2979,4,7,434785
2204,3,38,359057
1843,4,7,346160
2729,2,7,450964
1813,5,33,294288
1026,1,15,152935
2628,3,40,411183
2823,5,12,473728
3252,2,22,510419
2885,4,11,471311
1880,1,26,271773
3120,3,21,490238
3990,5,31,652975
3430,5,48,598825
3363,1,26,491471
4092,4,1,657824
4386,2,44,648634
3747,4,32,592201
4759,4,25,760863
3613,4,27,564287
3383,1,18,467529
961,1,42,153721
1393,2,4,229558
4059,4,32,626009
4955,1,19,732444
3762,2,29,576024
4688,2,44,687282
4190,4,7,653419
1463,3,37,205977
1932,4,16,308152
1341,3,43,222267
3774,2,0,558476
1667,1,2,282091
2866,5,45,433820
1231,2,25,195148
2006,1,30,305598
3328,2,7,532192
1969,4,42,330847
1630,3,45,250319
2451,2,7,380718
1936,1,34,295330
3610,4,38,568060
1275,5,27,220833
3610,4,3,587419
2126,3,15,338057
1819,4,12,294839
2636,5,19,428333
3248,1,4,504928
2083,2,36,295888
1459,3,19,261476
2810,5,23,448854
1198,3,35,147002
2533,4,33,414500
2925,3,44,392720
2971,5,47,451911
874,2,33,183049
4271,2,18,672849
1636,3,16,286947
1299,1,4,180473
937,3,24,154817
2897,4,17,490878
4496,2,49,682692
2685,2,7,441967
3557,2,26,576180
4720,1,14,724202
2700,1,44,368386
3410,5,12,567467
4786,3,15,735689
2249,3,21,331032
1346,4,19,250291
2803,2,12,458491
2896,1,19,433022
1503,4,1,271359
3203,4,34,461996
2425,1,46,373225
4131,3,18,656515
3778,2,44,569704
3639,3,36,532801
4184,4,5,632212
3459,2,13,572881
2661,5,3,427658
3656,4,21,580583
1485,3,38,214376
2419,3,35,329571
2231,3,33,357110
1675,1,26,260327
3261,4,6,492774
2165,2,2,365915
2043,3,46,302917
962,3,32,136648
2774,1,1,402636
4091,2,41,630574
1069,4,15,154375
1431,5,24,227806
1705,1,14,267381
4271,4,23,675123
4053,5,14,630510
2814,3,30,462826
2441,3,13,367388
1004,2,13,159929
1381,5,5,247831
1640,3,13,262758
2519,3,16,395943
3443,2,17,523446
3097,4,19,490299
1674,3,16,269461
1489,1,15,247557
4800,1,39,705851
3941,4,38,625988
2222,5,31,370774
1471,2,43,226474
1971,1,8,317208
4526,1,26,653094
1743,4,45,291497
2249,5,32,367106
4537,5,9,706829
3339,4,16,548365
4759,1,48,691342
3161,2,48,477699
4452,1,35,606051
4470,5,16,727021
2553,1,17,436251
3152,2,22,481646
2738,3,33,418928
1170,1,7,172774
2731,4,12,454761
1224,3,22,196517
1694,4,19,297551
1397,4,21,273498
3862,4,46,613120
3136,1,22,465906
2487,5,40,380740
1372,3,34,210635
2890,2,2,449286
4469,5,33,677478
2433,1,32,380688
2317,4,45,376431
3457,2,16,509578
4448,3,44,639615
4388,5,18,713557
2337,5,29,353183
3937,2,22,601228
897,1,14,129359
4015,3,13,641749
4550,2,1,718231
3957,4,38,598124
1143,3,48,195209
1410,5,17,247210
2527,2,5,396929
3090,5,31,498789
2654,5,20,483063
3408,5,39,539312
2879,1,27,394911
3124,5,26,491305
1977,4,1,350810
1891,4,32,301968
3591,3,15,561449
2549,5,38,404710
3475,5,21,504417
1581,2,42,220589
3848,1,46,562654
2905,3,12,424360
4667,5,1,725973
2913,2,13,443649
4770,1,37,700373
2791,3,40,436538
1867,3,27,291012
2377,5,6,410702
1811,3,17,279149
3074,2,40,465331
2614,3,35,434022
3226,4,40,509679
3351,2,35,500449
4457,1,43,638195
807,1,3,131289
3355,5,29,534390
1275,5,23,240989
3011,4,19,445711
1284,1,45,176337
3085,1,30,466135
4325,1,23,649837
4139,1,6,621199
3622,3,25,553872
3724,2,12,550623
1058,2,7,182777
1082,4,4,208797
2698,3,43,384937
4935,1,12,759542
3776,1,28,549307
3067,5,19,493030
4000,5,13,680577
1412,4,31,268338
1487,1,49,179618
4490,4,26,674920
1412,3,24,208780
3107,2,3,516274
3813,1,20,559805
2581,3,17,379166
3391,1,38,524298
3496,5,14,579278
4758,4,37,780218
1374,5,47,244438
2710,2,23,414362
4404,5,7,712154
1469,1,27,207790
2083,5,20,378559
1723,1,15,288115
1925,2,15,269591
2329,5,34,401200
2394,4,16,369678
1046,4,8,241174
4511,4,34,729990
2360,5,28,367239
3200,5,38,515779
3043,5,17,517811
4664,1,11,691626
2739,2,18,394523
3869,4,47,598885
1026,1,21,150212
4347,4,48,649764
1064,1,14,187321
2195,5,0,353470
4357,4,1,690892
1445,5,7,266886
3790,4,21,604179
2699,3,24,445463
3304,1,1,500299
3572,3,8,509731
1954,1,8,291364
1387,2,12,236563
2621,4,5,427766
1785,2,29,270515
4879,2,14,755374
4148,1,14,638360
4631,3,49,664422
2041,5,6,352776
989,1,10,149445
1780,5,39,299002
2498,2,37,336804
2515,5,39,434211
3393,3,1,538584
4936,1,47,735399
1898,3,38,331019
3126,3,9,503093
4047,1,43,564751
1695,3,16,274521
2474,4,6,421597
3709,4,39,577982
1730,4,38,314636
1523,5,3,259830
3740,3,34,598902
1889,1,46,287131
1735,1,35,254525
3095,5,30,505876
955,1,24,121696
1870,4,40,294354
2758,3,12,449242
3301,1,17,493667
4630,1,20,695704
1654,2,47,264448
1439,2,0,197705
3038,2,35,465587
2402,3,49,401330
1241,4,7,215112
2136,4,47,312014
4500,4,20,697218
1748,3,42,240858
4173,3,20,650463
1259,2,26,194376
1192,1,18,186174
4738,5,22,747075
2587,5,49,417467
3057,1,42,456559
1938,2,34,269747
4608,1,39,688621
3254,1,41,506564
2266,5,47,347165
4474,2,4,695266
2177,3,40,362443
3397,5,7,532949
941,3,10,182107
3459,2,15,526909
1639,1,38,257076
4418,4,46,663210
4717,4,23,735868
1395,2,20,188880
2704,4,22,443345
1080,3,48,176974
1223,4,37,215766
2550,2,46,389331
2767,2,7,429728
4888,3,6,730647
4978,4,1,806041
3746,4,29,586631
2249,1,12,349219
3131,5,22,504945
3020,2,28,498175
4589,1,37,668497
3610,2,36,531377
2331,1,19,318917
3790,5,32,604758
1943,1,28,324618
1733,2,49,257950
2260,4,14,376542
3523,2,22,556914
3312,3,41,509541
1085,3,2,215735
1064,3,36,198554
3167,3,28,479190
4247,5,44,636441
2562,4,7,434591
3848,4,21,613152
3181,2,28,462232
3069,1,1,456289
840,2,40,112377
867,2,48,128999
1787,2,49,283497
4808,2,44,740267
3998,4,0,655516
3324,1,43,481258
1885,2,19,337652
3279,4,20,522514
2493,2,36,368173
3115,3,7,466428
1578,2,26,236749
2385,2,46,363525
2292,5,34,345075
1460,3,5,227417
2148,1,44,300853
2099,2,43,297842
4740,1,18,694842
2786,3,17,461892
2844,2,0,413586
4316,5,24,688907
1858,4,26,316081
1776,5,6,303718
1527,5,43,253011
3327,4,41,517739
3936,4,28,629086
1142,4,30,226913
2247,2,43,309860
3179,1,42,447524
4459,1,35,644031
1326,4,18,229648
2696,5,5,443904
2873,3,24,462278
1205,4,30,192620
2373,5,8,384184
4540,5,19,706237
2646,2,9,414713
2278,2,36,362978
3195,1,26,475361
1571,1,12,228486
1378,3,40,196079
3701,3,1,613882
993,3,49,119230
2807,3,20,437328
1985,5,32,346544
3194,5,23,513602
3798,1,43,546873
2592,2,41,399013
1910,2,33,268124
4805,4,8,721934
3061,5,1,515713
4536,3,29,675996
4593,3,21,711084
2736,4,45,425434
1529,2,10,249570
4251,3,42,642108
2940,2,16,464030
2444,4,35,375029
3600,2,12,569624
941,2,6,133797
2255,2,15,374202
2896,3,32,489432
2125,1,44,308912
2013,5,0,383333
1959,2,10,345418
1140,2,5,182081
4628,2,19,705657
2768,1,34,391917
1503,4,43,228957
3229,3,36,501007
2600,1,40,347283
1655,2,25,272445
2612,1,11,399645
3666,1,29,559026
4442,1,27,659159
982,4,26,187750
3912,5,41,621252
2317,3,18,378694
2156,4,4,379434
2974,4,4,458801
4429,5,40,680288
4428,4,26,737496
4896,1,27,735045
4039,1,25,569014
4491,2,26,646425
818,4,48,137200
4203,2,41,619489
3804,3,20,574472
1932,1,0,335662
4139,3,27,629967
4111,5,47,659569
4172,1,14,633802
1787,3,16,284152
4121,5,25,632815
973,3,19,181834
4541,5,24,672262
3852,5,12,639213
1526,1,32,225925
4560,2,24,704371
2675,5,7,447905
4833,5,4,748263
1789,1,5,283880
4544,2,22,707577
3486,4,29,538817
1219,4,13,229497
1393,2,22,223881
2574,3,10,420111
3259,1,30,466659
1735,2,5,303393
4608,4,10,732120
1131,5,12,230284
4249,4,11,664087
3502,5,1,594445
4806,1,34,705461
4668,5,35,714864
1001,2,16,197586
3297,5,27,483596
2642,3,27,472597
2666,2,21,423434
2796,1,37,404603
1709,2,6,279871
3989,3,14,635396
1570,1,31,223350
3955,4,10,668954
3301,3,23,543161
3514,1,2,590636
4385,5,29,668821
2428,2,5,386006
1186,1,1,159659
4221,2,13,624820
4808,5,40,744674
4893,1,17,729286
3266,4,43,515798
3082,3,30,475086
2656,1,12,418399
2798,5,25,463578
2036,1,43,326850
4944,2,11,772676
1950,1,17,270420
2231,4,8,367740
2619,1,48,377289
3124,3,20,497398
1930,1,47,297505
3458,2,48,520352
4300,1,39,647063
1174,4,42,172415
2920,5,23,467315
4820,1,33,678257
2821,1,7,438488
4505,3,43,701079
4059,4,32,606470
4235,5,22,677418
2689,2,12,415304
2623,1,48,413218
2274,5,13,366712
3042,2,13,488163
4043,4,15,661811
3934,4,48,602200
2870,5,37,467849
1159,2,38,196399
2841,4,25,431659
1941,5,25,320106
2435,4,0,408974
4800,4,31,785780
2743,4,14,436454
4161,3,20,638776
3780,2,17,609441
806,5,29,169659
4067,5,12,697700
2391,2,23,389014
4064,2,29,612179
3406,2,1,524634
4019,2,18,597358
4073,1,46,571849
1713,5,43,292266
2811,1,46,421188
2242,4,24,379248
3854,4,49,591130
4346,5,13,734002
3728,4,5,569531
2629,2,11,379416
1375,1,19,190357
1729,2,22,268469
4559,4,29,687407
4499,1,29,697288
2263,2,37,326170
4075,5,29,628399
1854,2,40,299201
2700,4,29,434648
2257,1,35,346744
2199,5,48,354898
4215,1,33,631185
1242,5,15,200129
4450,1,23,663043
1978,4,13,309238
2057,5,25,385137
4434,3,7,717456
2641,1,13,386571
3109,1,30,457198
1710,2,1,272791
4809,5,47,790929
2969,3,3,481777
2972,4,0,477242
923,2,19,151883
3958,3,13,586460
1585,5,39,266776
3216,3,24,478782
1596,1,24,200446
4972,1,2,794531
4954,2,4,760560
2736,5,37,426468
2956,5,25,446956
4607,3,39,697127
2101,2,37,313666
4963,5,37,791251
3940,1,3,580423
4036,3,6,621724
3152,4,29,479808
2732,1,29,400939
3521,2,18,499290
1164,5,38,189515
3190,1,34,484094
1746,4,39,257891
2177,4,32,370540
2239,2,32,357317
3980,1,13,619640
1140,3,37,182409
3789,1,9,571961
1182,4,27,210192
2356,2,13,393305
1099,2,35,191935
938,3,37,118955
1158,2,15,168713
2322,2,20,337221
4256,2,27,659435
2427,2,32,354464
2103,2,5,328882
1934,4,40,344258
2986,1,14,473317
3970,5,43,651523
4635,2,2,699910
2951,5,42,416221
2037,5,46,324639
4535,4,34,674451
3634,2,13,519719
1798,5,1,341773
3367,2,28,493213
2107,3,3,328418
1456,3,25,228584
3460,3,11,576429
3011,5,1,497917
2709,3,16,447381
4530,4,34,696193
2846,4,9,430790
3962,5,47,597003
1940,2,21,300424
1066,1,40,152052
2645,2,42,406604
2508,2,20,397062
4430,2,14,695503
4011,2,34,589266
3093,1,47,486994
4532,3,20,738175
4629,2,20,693939
2310,4,20,360621
1275,5,43,184053
1776,5,31,304317
2007,4,4,348098
2760,2,38,403413
1357,1,8,215205
1682,3,17,246043
2994,5,20,508453
3467,3,7,535930
2410,1,43,355775
4288,5,33,680903
3254,3,9,474391
2746,1,40,418580
3608,3,23,544011
4625,2,39,698300
4336,1,23,620702
4602,3,31,695212
4977,2,32,757814
2770,2,37,395413
4622,1,43,661309
3619,4,48,561351
1702,5,33,285449
1164,1,10,186586
3919,2,30,585493
3358,2,17,528029
2663,1,22,387110
915,4,21,178691
3184,5,42,488464
4735,3,17,719530
3290,1,39,498613
1742,5,46,278012
2524,5,40,385175
3134,2,46,501702
3567,3,38,545347
1937,1,19,300479
3327,2,12,467808
4917,2,44,762186
4220,4,0,725924
4706,5,3,779243
4437,1,23,691744
3753,1,35,547274
3167,1,35,472586
1076,2,44,169161
2799,4,1,445397
2027,3,27,318068
4552,2,25,670280
4535,3,22,691339
1495,4,14,274067
2109,5,35,313534
4952,1,26,758862
4034,3,5,601052
4914,2,34,741149
3111,3,38,480518
3641,5,37,589106
4359,1,34,643239
4198,3,35,621306
1341,5,9,250340
3494,2,29,573050
1888,4,40,302911
4163,2,37,608322
824,1,28,110257
2372,2,42,357804
3758,2,38,559327
2567,2,49,372398
3035,2,3,500298
1000,1,4,168345
3998,5,3,645829
1056,3,35,168682
4547,4,44,703513
3041,3,15,489856
3975,3,24,639896
4406,4,13,686161
4136,1,10,605511
1213,4,28,196827
2814,1,33,398088
2181,3,21,316129
1898,1,13,316411
4226,5,23,689491
4455,4,38,643579
1709,5,25,298208
987,3,42,149515
4844,4,35,739181
4556,3,38,644669
2815,5,15,464245
2892,3,37,446838
4444,4,31,667562
2930,4,5,509454
1157,3,33,202876
3222,4,7,498473
2297,4,29,390511
2958,3,26,451388
3355,5,6,571352
3142,4,26,469442
3751,4,24,594051
2038,4,45,298874
1773,4,40,269202
4765,3,14,699116
1850,5,24,290810
4501,5,21,689844
3580,1,17,511192
2388,4,11,396472
4678,4,22,695376
3168,1,44,469176
1236,5,38,236517
3628,2,24,534418
2356,2,9,367201
4658,5,29,727487
2104,4,9,342869
3184,2,33,429990
982,3,45,132263
2389,3,12,411578
2387,1,28,360526
1459,5,37,245522
959,5,40,133435
4753,2,44,722813
1811,4,8,289416
852,5,12,147050
3107,2,36,445305
2028,2,13,327912
1835,5,36,305830
4502,2,8,708591
4845,1,7,755764
2064,1,38,285810
2684,5,39,432246
2609,4,2,424289
3967,1,46,554814
4597,1,39,655691
3141,5,32,501866
4214,3,31,645458
1617,2,6,258452
3237,1,18,485483
1688,3,33,250380
1467,4,13,295978
3424,3,49,523736
1618,5,46,258189
2988,4,45,473746
1906,4,18,299875
3024,3,25,471634
997,5,16,199563
3471,1,27,528168
4292,3,18,639653
3248,1,26,544781
1270,3,47,220636
2748,1,18,453850
4699,3,32,713727
2810,4,6,463435
4600,2,28,696729
4918,4,42,745758
4596,1,4,712552
4788,5,29,736026
1034,4,48,185065
1728,2,42,248238
4407,1,7,675530
1322,4,41,247032
4323,3,11,670289
2429,5,41,409454
2116,1,12,311221
3657,4,25,552423
1924,1,17,323334
3387,3,41,532504
1823,2,48,266761
2178,4,19,371128
4174,1,15,608272
2319,1,36,348694
1026,1,2,167240
1691,2,26,273660
4872,1,14,766634
3057,5,33,521014
3588,5,44,538423
1196,1,21,138995
2878,5,39,467114
4037,4,22,637936
4693,5,48,707226
2805,1,3,410034
2816,3,40,416992
3971,4,22,651350
3468,2,46,507750
2678,1,8,377622
1996,2,23,306611
2572,3,20,405745
961,2,40,123507
4776,1,45,715707
2551,1,15,407894
1575,3,24,247142
1739,1,25,228271
4020,3,48,603525
1339,3,44,214883
2261,1,8,301991
1155,5,14,225880
4404,3,38,664100
4123,1,32,613324
1034,5,0,199307
2348,3,4,365131
2896,5,8,478180
2901,4,43,443471
2473,4,5,401298
2900,5,27,453891
4457,3,44,687285
4396,1,25,681635
4548,2,27,671234
3973,1,39,584113
2615,2,14,383346
4641,2,5,721410
2805,3,26,442234
1474,5,37,241020
1186,1,3,184745
2958,5,10,506005
3461,4,20,517002
2864,3,29,419263
4651,3,17,730786
4053,4,34,632039
1539,1,2,238446
2201,4,11,383509
4059,1,26,619938
3077,2,29,501352
4704,3,20,743498
4723,1,37,710464
4027,5,20,642970
3631,5,37,573266
4558,3,39,694135
3312,4,14,534259
2951,4,17,450015
4475,1,28,672521
3545,4,47,543383
4666,3,37,718541
4564,1,20,673046
3022,2,16,452111
3592,4,40,563414
2497,4,17,415595
4262,1,36,619221
4863,5,37,787334
2324,4,11,409346
832,3,10,118153
4825,4,47,724709
3366,2,48,503224
3603,4,19,578365
4696,5,8,793046
4509,4,0,719167
1519,1,2,234521
1772,4,20,273039
4518,5,22,684992
3007,1,8,454376
3830,3,18,636647
4375,1,44,640014
3916,2,45,569445
4085,1,18,622791
1443,3,22,195338
994,4,26,177685
4796,1,26,732887
1288,1,38,165248
3004,1,35,470477
3457,1,11,536243
4076,3,26,655958
1902,5,45,285273
2041,5,33,336035
1315,1,32,209692
1192,3,27,165342
1430,3,30,248441
4516,1,31,668303
2647,2,49,411342
3455,1,19,523099
1779,2,39,295566
4202,1,34,597461
4671,2,30,712231
1077,2,30,136318
1032,1,37,154690
2352,2,21,368856
4070,4,44,622798
3209,5,40,495674
4312,3,8,666292
825,2,8,141703
1260,2,14,207683
4564,3,12,747246
4231,2,21,661618
4283,3,15,653212
2794,1,31,425187
1290,4,1,250626
1872,4,25,295180
3973,5,13,653493
1015,2,37,124015
2523,5,33,398102
2392,1,7,336815
3406,4,35,529178
958,1,20,134227
4113,1,45,596510
3641,2,42,561459
2576,1,27,384711
2852,4,45,461306
3095,5,43,525277
2496,4,47,432793
3793,2,5,583653
3269,4,19,531544
2746,3,30,423804
4609,5,32,745633
3583,3,43,562343
4444,3,6,680389
3300,2,7,501232
4445,1,8,700470
3445,3,1,535266
3149,4,16,502114
2732,1,44,411300
4094,4,36,632788
2557,4,41,433729
1916,1,43,296562
3367,1,16,489366
4299,4,37,654639
1292,2,34,208551
4106,5,46,641859
1419,5,38,205038
4032,2,29,590882
4623,1,5,705631
3180,4,3,533310
2346,5,36,401996
4363,4,34,716706
2405,2,8,362920
4552,4,5,707427
2690,2,12,416993
2075,1,21,277230
3543,2,27,537888
3293,2,29,495539
1156,5,35,221734
1669,4,1,309080
1685,5,35,292395
2801,3,7,446707
2083,2,44,317730
1419,3,41,206493
1682,5,49,276146
1596,4,8,275735
4442,5,0,714798
4225,4,12,664329
2096,4,49,317474
1044,1,14,139087
3695,2,31,554648
1729,5,33,304736
1319,4,42,182101
4012,5,30,626854
3209,5,13,566231
807,4,46,134190
3325,3,13,525276
4223,2,47,666724
2819,2,28,435238
4467,1,46,663895
4471,1,18,653447
3601,1,26,543406
885,2,8,148454
3915,3,36,617748
3268,2,36,517746
4419,2,42,662456
2436,2,27,379541
4383,2,23,628152
4809,3,27,693136
4126,1,35,633263
3018,5,17,444302
3017,1,24,457096
3169,1,34,464876
4438,5,3,738827
3303,2,13,508246
1743,3,38,308495
3637,3,25,558972
3460,1,7,548426
3736,5,23,568935
4747,4,15,698509
2476,2,19,381335
1996,1,14,274388
4905,3,6,761551
3587,5,16,571786
2261,5,21,390752
4118,1,21,595912
1466,4,11,262893
2976,3,17,485178
4543,1,45,664835
1400,4,46,236564
3452,5,14,541228
4624,2,36,687946
4706,3,15,701558
1779,3,4,341625
3251,4,1,551725
1428,1,27,243902
2429,5,40,418638
4496,4,26,688136
4230,2,30,608809
4474,2,40,662618
4729,2,35,721356
3565,4,46,545944
915,5,42,121554
2803,3,0,465391
1492,1,49,177335
3962,3,28,601853
1905,5,0,370625
3808,3,7,598681
2961,4,15,498183
953,2,27,156386
4499,5,21,694171
4586,5,17,743986
1864,3,21,297835
2713,4,40,397233
2016,3,11,293826
3201,3,18,508815
2572,5,24,466626
2760,3,49,397974
3580,2,4,535860
3671,3,33,572105
1460,2,38,193721
3435,5,9,607830
3129,4,46,469036
4754,2,6,720121
3250,4,36,493409
1932,4,46,325495
1499,2,14,281094
2838,5,41,441135
2979,1,23,462681
3638,4,25,547081
1673,4,25,297635
883,5,45,195117
2222,5,25,399847
3475,3,9,549406
3980,5,16,618343
4775,4,13,749765
2191,2,1,341932
4018,1,47,580266
1414,3,12,240230
3771,2,26,571319
4365,1,8,674906
4376,1,6,677686
1070,1,47,145744
4866,2,9,754045
3268,3,8,542627
2190,3,21,337367
4154,1,22,622417
4935,2,6,736682
4407,1,47,657147
3383,5,8,557420
4873,3,26,757167
3875,4,23,589972
4706,1,28,717211
1089,5,16,207390
3280,3,19,533089
4052,2,6,616045
1078,3,42,184348
3724,2,39,568000
1380,2,6,254493
1053,1,27,152123
1624,1,18,233502
4632,3,19,705424
1499,5,43,231183
2180,3,38,327938
4696,4,39,678088
2473,2,6,415325
3527,2,5,585230
3956,1,24,588448
4188,5,40,666962
1183,1,12,184730
1141,4,38,165888
2787,3,39,449075
4859,3,21,771859
3909,5,48,591530
4882,1,16,740897
3598,1,47,520944
4040,4,21,659298
2788,3,33,430042
4214,1,7,637484
2649,5,48,459767
1105,3,44,148041
4413,4,17,698411
3549,5,23,572623
1935,2,41,277677
1005,4,1,231046
4250,5,1,693730
4611,1,26,702085
4422,2,13,693092
4399,4,47,669932
3351,1,38,518485
1109,2,11,201660
3508,3,31,538257
2791,1,27,433915
1071,5,27,221948
4442,4,45,699701
4886,2,24,724195
2622,1,3,399952
4073,3,25,637957
1320,4,35,225542
1776,4,49,266996
4522,1,2,681568
4351,3,0,689687
4905,2,16,717565
3573,1,6,543336
3352,2,47,513232
3632,4,4,588458
4707,2,18,699900
952,3,38,140169
3764,5,45,621839
3716,3,33,552147
3600,2,34,566713
2552,1,48,356373
3410,4,15,566603
4675,5,39,742572
1904,1,49,264139
3336,1,46,452069
4999,3,38,768821
4654,2,26,708731
4294,3,40,662378
2714,2,37,419388
3872,3,49,560017
1806,1,49,264265
1206,4,24,223750
966,2,25,167014
1308,5,13,214638
2461,5,13,435735
4464,1,13,681673
4289,3,24,672460
1480,3,35,216585
3324,1,3,522241
2920,5,46,430521
2163,5,14,350486
2131,3,31,359481
3092,2,17,489471
2338,4,13,390030
4208,2,0,670074
1360,5,41,253763
1899,2,19,310508
2703,4,9,436601
974,2,9,144039
2956,2,23,438631
3030,2,33,486211
4960,2,27,724990
4720,1,26,714816
2297,5,39,384897
4654,4,0,767461
3971,5,32,639441
2367,1,3,355085
1951,1,6,291500
1168,1,8,181084
842,1,15,151453
2707,2,4,440180
4290,5,33,655285
3335,3,22,524823
4973,4,42,781455
3673,1,49,531706
2624,5,24,388400
2093,1,12,314020
4186,1,23,596697
3772,1,10,537930
4722,1,16,731603
1792,1,36,311220
3186,4,12,539185
3040,5,26,440788
2276,1,19,338439
4207,1,32,613256
1189,1,41,138431
1799,1,31,273647
2655,2,7,411054
1458,2,28,201418
3563,3,39,503823
4463,1,18,658271
2281,3,5,369808
4531,4,43,695781
1251,3,38,219905
3275,5,47,524509
4022,2,40,596407
2337,2,20,344205
3893,1,21,548031
1682,1,41,219974
4868,4,9,792866
3366,4,9,557693
4077,5,28,653325
1174,1,15,168718
4497,1,0,709370
3862,4,16,591077
4050,4,29,613006
912,4,25,162430
3997,2,45,553387
3178,3,18,476910
2724,3,20,423875
939,1,16,133625
2224,2,45,311334
3749,4,39,623557
3968,1,20,622465
1316,2,40,231692
3416,5,39,540919
1687,2,44,241278
3904,1,48,603633
849,3,18,150054
4751,4,6,728440
4360,5,16,676179
818,2,0,136211
2273,1,36,332509
4861,1,5,738279
3406,4,25,534728
1251,1,1,243942
4565,1,31,652187
3238,4,47,515654
2349,5,4,390800
4274,3,36,652324
927,3,30,172859
3561,2,11,512995
2215,5,34,346332
1001,2,29,152976
3169,3,47,511375
1317,4,5,264469
2141,1,14,349696
2788,3,14,397332
4345,5,15,673254
4602,3,19,690627
4075,5,12,654145
4454,5,43,659539
3234,5,41,536557
1007,2,45,108662
3433,4,30,560600
4917,3,33,768466
953,4,28,147062
4166,1,2,659139
2318,3,8,367035
3400,4,10,533146
2995,4,10,475821
4354,1,24,644386
3214,5,21,516726
3649,3,41,552430
2542,3,45,370993
2106,1,8,308736
4649,5,19,726417
4968,3,20,798654
4995,3,9,763326
3355,3,21,510042
3105,5,28,532076
1888,1,8,282759
3442,3,4,526495
1977,4,39,294910
3794,5,10,585696
1359,2,0,234673
3764,1,41,518012
2071,4,0,377576
2613,3,38,401123
3715,2,45,546008
1409,1,4,214782
3261,5,48,524411
4920,2,21,738103
1083,2,25,166114
3728,4,5,617761
1891,1,31,285088
1616,4,47,233900
882,4,10,153145
2720,3,9,397871
4291,5,46,682954
3944,2,38,607039
2893,1,33,408762
975,5,30,227347
3504,5,11,618857
1169,1,43,164306
2618,5,15,419252
2901,3,37,452126
4290,5,2,676079
2579,3,1,435350
2164,2,4,345927
4142,2,10,641065
4476,4,24,734583
3226,3,34,484519
872,2,34,122220
3762,5,21,620967
1659,1,36,232410
4656,1,21,729976
4938,3,10,785709
3224,4,31,500672
1864,5,34,276368
3017,3,30,438505
4817,1,44,700914
3059,3,7,493444
4551,5,19,745195
2886,2,41,428054
1168,5,33,190922
3604,2,3,556285
950,2,17,154407
1934,2,3,334698
3584,3,19,583088
4964,1,8,730561
3146,3,15,503481
3050,1,25,437923
860,5,37,143987
3810,4,24,620273
4701,5,3,749663
2137,3,40,343347
1984,3,44,316294
2351,1,40,341060
2429,3,37,382509
2127,2,18,334127
2326,3,13,349391
2473,1,20,380696
2161,1,14,313030
2373,2,2,353568
3486,1,36,531992
3166,4,49,478573
4557,5,45,733263
3234,3,15,529567
2793,4,13,442914
1669,3,8,297716
1814,4,46,281313
2711,3,6,432282
1402,2,13,233675
4621,1,5,741437
1490,1,20,242317
1293,2,14,205794
1289,4,7,231916
3356,5,33,505237
1094,4,39,204696
4827,1,0,751996
3643,5,31,586619
3712,3,48,577155
2517,5,4,385046
3396,4,29,513264
2673,2,21,446479
4058,3,19,624045
3617,4,15,590198
1244,3,6,198667
4441,5,6,704306
1541,1,49,253743
2841,4,49,438500
1479,2,1,251821
3267,5,46,519659
4497,4,13,712978
2158,2,30,332944
862,4,49,105247
3359,5,40,543391
4569,4,13,708097
934,3,4,203691
4444,5,10,696147
2935,4,39,451317
4078,1,4,668622
1622,4,28,283768
3874,3,10,586431
3781,2,4,588678
920,2,48,109592
2437,2,31,375201
1724,1,35,235012
1444,3,14,276896
2832,5,18,474217
3561,2,21,554201
2868,3,33,462695
1041,4,16,209382
3468,1,11,510918
1602,3,24,260199
4964,3,16,757690
995,5,9,236631
2987,3,27,418844
4315,5,17,677247
3130,1,17,469400
3159,1,44,464588
4406,4,31,687730
1076,5,13,203976
860,5,15,168251
4190,2,49,628825
2713,2,17,427680
4727,4,15,777364
3391,1,16,546287
1366,2,6,227919
4735,3,11,724843
2371,1,33,340642
2000,3,9,299218
3654,5,4,615164
3695,1,20,553355
2036,4,2,353145
936,5,18,188074
1829,5,44,288397
2956,3,43,435478
3394,5,34,533041
1461,2,5,246364
3272,1,13,492684
3477,2,3,504743
3108,3,44,453717
886,3,17,149052
3312,1,28,492191
3742,5,34,604609
3573,4,37,558235
3304,3,15,510845
4110,1,19,609058
2500,4,23,407529
4470,5,34,711860
3500,3,43,526903
4429,1,18,643796
2447,1,3,373577
4118,1,32,598702
4487,3,1,708301
1396,4,12,273014
1284,1,44,153568
1445,5,29,275263
3889,1,33,586230
1520,4,29,275556
1298,3,23,204485
2473,1,47,328529
3867,1,43,572143
914,5,32,199093
3779,5,40,575639
2536,1,48,348193
4411,1,9,678893
3053,5,17,489205
3094,4,18,528421
4430,2,6,694541
946,2,18,138515
4782,1,23,704507
4253,5,14,670447
3210,3,40,490641
936,3,41,155989
4160,2,22,637628
3805,4,3,586755
4352,2,37,672337
818,1,3,125398
3042,4,4,475749
1248,3,40,187939
2748,5,43,460986
1745,5,22,304556
2720,1,39,404051
3777,2,36,545150
4988,1,10,755844
4815,5,10,787200
1038,3,12,143640
1004,5,13,186321
3407,4,7,560013
4188,5,24,669364
3772,5,17,586923
3487,4,43,549515
4966,2,43,720051
2148,5,17,346349
1616,1,9,232648
1620,5,6,320867
992,1,49,100905
2576,4,43,372982
4445,5,13,715916
1050,4,14,192596
2588,4,15,411301
4500,2,1,694776
3263,5,29,503659
1967,1,29,292392
4693,1,17,709641
1896,5,30,343694
3479,2,43,558495
2647,2,47,388197
4704,2,12,694133
1304,1,19,203799
2421,4,48,376473
3272,2,49,482738
3346,1,34,462678
2187,1,22,329022
3794,4,41,597057
4616,5,32,746268
1517,5,37,248940
4284,2,34,629092
1458,2,35,210930
4808,4,19,770373
4564,2,2,731322
3789,4,7,627269
2904,1,39,439053
2055,2,31,312106
3282,1,28,490774
1183,3,6,209840
3407,4,1,545507
993,3,20,186733
4607,2,5,675494
4519,1,27,644995
3381,2,47,470559
3365,3,41,498206
3563,2,35,563873
3598,5,31,550420
3139,3,44,455807
4206,2,41,613892
1531,1,45,239300
3672,2,8,595505
3920,1,10,613301
4977,5,22,807090
3404,2,49,539138
3182,5,10,486370
1331,3,48,181152
1434,1,1,210585
2569,3,2,416424
4604,1,10,697609
3170,5,49,503321
802,4,34,159984
1005,2,14,125393
4935,5,42,766443
3421,1,10,523462
3690,1,30,541989
3993,1,27,599232
3466,1,27,536844
4106,2,31,621644
1697,3,24,315305
1885,4,19,332267
2079,2,27,323672
1470,1,24,228574
2305,2,10,375616
4375,5,18,730958
2755,1,27,433235
1049,4,0,207634
2692,1,4,397226
4239,4,9,679648
2653,4,41,429028
3654,3,45,571157
2303,3,33,344272
4185,2,35,645011
4371,2,1,691160
4592,4,17,696102
4226,1,12,613871
843,5,4,196810
4412,5,19,685196
3418,1,1,552954
3963,1,10,593871
2088,3,29,336397
3742,5,31,602525
1019,4,31,163060
2725,2,49,432059
3772,3,37,571740
4313,5,27,684625
3248,1,9,453056
4271,5,21,653422
3574,4,16,590642
1790,3,21,287889
3746,1,42,539188
2612,4,18,411410
1603,2,16,263421
1289,3,23,237057
4356,4,35,664665
2293,4,31,390367
4445,1,45,651048
3691,2,35,566162
2505,4,27,366749
4316,3,13,638826
4140,4,35,659901
853,5,5,180948
3375,3,8,540323
4391,3,20,657074
1415,4,11,238305
1754,1,29,225155
3233,3,30,483001
2429,5,39,394392
3581,1,3,552206
1449,1,30,198091
3147,1,26,480093
4078,3,24,628934
3440,1,4,519481
4601,4,5,729322
3361,1,4,554142
4049,5,26,641129
1170,2,7,211044
1657,5,8,305475
1183,3,14,195486
4677,1,35,663044
3352,1,40,480255
3525,4,6,567277
4834,1,31,717504
4093,5,7,686382
4788,3,46,710529
1722,2,14,268363
3715,1,36,559977
3750,2,18,567937
3846,1,38,587373
1774,3,5,271848
2030,5,18,315104
3235,3,27,496021
2614,2,16,402679
3734,1,41,553962
2163,2,18,338219
4740,5,30,737832
1003,3,10,145290
960,2,14,154625
1568,2,9,229915
4548,5,42,712611
3381,1,22,483990
1893,2,2,310534
1407,5,2,293408
2340,1,17,337980
3675,1,24,523947
3991,3,42,630540
2637,5,19,471390
1489,1,28,194438
4559,3,21,701519
3749,4,49,587585
2903,5,14,473244
1165,4,38,160717
4375,1,9,634291
4999,5,20,764494
4972,3,28,740997
3178,1,31,472937
2005,5,9,368204
4639,5,12,712700
3535,4,46,531531
4147,1,22,598850
2475,3,49,382518
1098,3,22,167261
1756,1,30,238185
1914,1,3,263658
3305,2,48,518944
2274,4,2,423891
4526,1,20,680583
4271,1,1,679861
3628,2,3,551361
3650,2,0,567482
3306,5,14,551925
4570,3,32,684464
3764,4,5,598910
1749,5,6,303692
3650,1,18,557254
965,2,43,144491
4286,3,0,658351
3309,5,38,521332
1719,3,18,301144
913,2,44,145927
4304,5,25,692336
1791,5,43,342270
4639,3,11,697731
2058,2,21,332395
4226,1,12,638996
1314,5,27,240476
3996,1,13,606545
3384,2,21,503069
867,5,29,144848
2396,5,43,387896
818,1,19,107556
3530,4,43,540607
4321,1,26,661113
1372,1,37,172762
3058,4,41,474365
3702,2,40,576390
1450,2,33,210856
3387,5,38,568439
4062,3,40,588284
2138,3,43,365587
4434,5,36,697459
3627,3,0,547477
3017,1,14,472213
4339,1,31,653966
1837,4,7,339692
4778,4,32,709979
3761,5,17,583727
4026,5,44,647301
1898,5,28,371690
3124,1,31,474604
1739,3,32,289451
4516,5,4,710174
4214,5,17,669963
2248,1,47,311303
1370,1,9,221046
3704,1,35,566690
3305,3,32,513464
1717,5,22,312458
2674,2,39,401025
2478,2,4,416193
1415,5,33,228518
2549,5,23,449168
4625,5,16,721427
4988,5,30,783527
3277,3,6,494664
4305,2,16,667869
4275,4,27,670379
1935,2,37,306522
4800,2,21,694824
1174,1,14,181777
1006,5,36,190969
2119,5,14,341078
1941,5,49,327310
3490,1,49,463056
4055,3,24,623695
889,3,20,181599
4908,4,37,754972
3820,3,1,588118
2657,3,26,414257
1604,5,48,268581
1744,2,31,284027
3589,3,20,560947
4675,3,3,744990
2410,1,43,351841
3723,4,18,574463
4682,1,1,683762
4021,5,25,648083
3187,2,33,432125
1741,4,13,259345
3366,1,14,479939
1775,3,19,301042
1754,3,33,246804
2062,4,35,341202
1743,3,18,261810
3002,1,8,453370
4127,1,6,624797
3059,3,29,471120
2628,3,12,405267
2057,5,26,314222
1264,2,43,188636
4094,4,34,648253
2030,1,12,322084
3454,4,14,552735
1684,5,45,285252
4605,1,8,681327
4656,5,44,735389
3935,5,22,637503
1724,3,35,265143
2346,4,39,373361
1894,4,2,322564
3211,3,33,504280
3417,4,18,512673
1562,3,27,219525
3123,1,22,437213
4945,5,39,763354
3575,5,48,571356
3955,4,44,566330
4770,2,6,734380
2840,5,40,479875
1383,3,11,237413
2903,2,13,408572
2742,2,45,419221
909,5,14,184195
991,5,2,190797
1703,5,14,302085
1661,3,23,239732
1883,2,45,280969
1449,4,7,263421
4934,3,4,754241
4411,1,3,660733
1436,5,13,247547
1836,2,15,278394
4931,3,19,743547
2948,1,23,425287
4665,3,5,737571
3957,3,30,573696
4387,4,5,699209
4094,4,34,647382
3230,3,14,480445
2679,1,28,396318
4766,2,2,715569
4513,2,10,714676
4926,5,2,783787
4906,5,27,801862
2811,2,9,463595
4173,3,49,637596
2943,3,32,498304
3300,4,47,480010
2089,4,15,374758
2247,5,9,377188
3999,2,32,601316
2743,3,35,414725
3983,2,2,587448
4016,1,4,621791
3936,2,11,580085
4118,1,43,594380
3582,4,12,560365
1790,4,23,316911
2953,5,43,469976
1025,2,31,109375
1576,2,15,230919
3637,1,31,508807
1487,4,44,251099
1329,1,36,167692
4242,4,35,646683
2953,1,20,477956
2094,4,46,343835
2326,1,11,330108
3696,4,20,600900
3903,1,20,571093
3240,2,42,501450
4935,5,5,779503
4602,1,8,677099
1644,5,0,275530
1246,2,11,207152
4715,2,13,739010
3909,4,5,631298
2034,5,0,346447
1026,3,21,137453
4943,4,33,752162
3759,5,10,583809
2630,1,2,430871
4579,1,41,668380
986,2,5,171407
3677,3,5,572176
3335,1,19,509343
2732,5,20,464163
3724,5,1,654669
1648,1,25,235581
2832,5,30,480662
2052,5,25,350858
2681,2,31,395087
1069,3,9,175715
2430,2,22,382918
4003,3,5,622017
2374,5,22,397198
3692,3,27,583592
2495,5,48,450156
4058,5,29,644849
4062,2,13,600236
2245,2,36,346709
1019,4,31,167669
852,1,48,151672
2557,4,33,397107
2466,4,40,390267
3585,3,43,558708
1519,5,21,277176
1205,5,30,243553
3094,5,6,524449
871,1,40,167508
2853,3,20,456939
2029,3,15,352832
2367,5,19,386164
4482,4,42,730796
3753,1,43,544496
1498,4,46,271420
1626,2,49,257238
1148,3,18,194533
4708,3,47,742613
1107,4,31,190310
4216,1,14,662767
3134,3,4,505660
3609,4,10,568805
4358,1,14,663105
4277,4,28,668232
3486,1,49,499549
3785,5,44,600409
1075,1,3,177823
3347,2,48,448959
3564,5,35,577127
1136,4,47,201722
2773,5,22,483982
3779,5,14,585129
4768,4,45,712349
1710,4,43,279185
2796,2,2,424141
3929,4,31,590054
4557,3,9,700781
1127,3,39,172353
2599,2,37,371037
1114,1,21,146153
4345,1,13,652823
1934,3,16,283127
3546,4,20,532605
2320,2,47,345930
955,1,14,176362
2524,1,14,396260
4143,5,0,695902
1686,3,23,235298
3873,4,11,587277
3605,2,9,556463
1521,1,45,232374
1712,5,41,299060
4157,3,41,606166
1670,3,30,288214
4908,2,10,749573
1297,1,15,212604
2556,2,8,387298
1917,2,46,253675
4209,5,13,691766
3628,3,18,574592
2447,4,30,367137
3783,3,8,580086
942,3,35,167521
3561,5,38,569270
4235,4,25,672783
3231,1,7,480662
2648,4,23,454162
3496,1,7,528676
2517,4,18,361200
3872,2,46,579938
1867,4,47,308648
3586,5,29,579341
4591,1,21,679617
2088,3,8,300125
4671,5,43,716150
2606,1,47,366288
2304,1,3,340916
4108,3,36,640439
3751,2,7,572481
871,5,0,208283
2490,3,27,385488
2144,3,5,373417
4103,2,46,616739
3913,5,35,624726
1682,3,10,263642
3462,2,4,510287
2304,5,49,369633
3263,4,23,551686
3353,1,46,480776
1532,2,17,228952
2548,1,19,379261
4724,4,27,770463
1223,3,12,223188
4278,3,4,693985
2391,5,29,354543
1292,2,0,197307
991,2,21,142351
1298,5,17,258921
2056,1,45,309097
2768,3,4,464317
2986,3,30,425388
1616,2,5,282106
4020,2,26,623186
2273,5,24,360468
1886,4,28,304961
4999,1,27,728478
2674,4,15,431667
1670,4,11,293987
2842,2,19,464884
1072,2,17,153511
1829,2,33,268465
4018,4,22,609641
4869,1,44,733681
1851,2,26,253138
4833,3,48,734490
2373,1,16,333434
3990,3,47,605916
4597,1,20,712668
4089,2,49,598624
4547,5,39,716967
2905,2,30,422886
1107,4,2,202801
4159,4,16,624692
3976,1,49,596054
2051,4,25,326840
3547,2,22,536873
2317,3,5,376434
2178,2,27,293865
2761,1,7,406805
3663,4,44,570154
3456,3,7,541701
3294,5,18,578646
4805,3,37,757424
4363,3,28,673241
1722,2,22,246850
3759,5,46,580951
983,1,31,155112
4158,1,9,630732
2198,3,26,372222
3596,3,48,546774
1336,4,0,242716
2073,5,38,374434
3767,3,28,559118
3849,4,44,630027
1896,5,2,348792
2105,1,46,367459
1715,4,36,265221
3881,5,30,649738
1828,4,10,311877
2777,3,21,432338
4154,2,17,640698
3311,1,34,492154
1070,3,5,172421
1986,3,2,324267
4564,5,4,738742
3198,4,8,507196
4982,1,27,754608
2511,3,18,391733
3030,5,27,500166
928,1,26,142954
2069,4,12,353376
4472,3,37,655325
2401,3,42,391091
4770,3,20,718179
1427,1,26,207332
4597,1,45,664133
2844,1,5,435526
4352,1,37,642077
3141,5,48,510173
4014,2,10,617977
1049,5,46,176516
3725,3,40,532801
1774,5,16,325786
2125,4,38,350100
1783,1,6,292952
1688,4,29,274992
3737,4,20,597688
2917,3,0,454482
3472,1,24,503903
2126,4,31,337727
1270,3,7,235436
2787,1,4,420554
890,2,29,137918
1329,3,7,230698
4859,5,48,755356
3573,1,18,557236
2486,4,43,376438
991,4,29,176144
2786,5,14,470384
4423,5,35,663104
2985,4,43,471570
1808,1,26,295040
4583,3,12,704440
2852,5,13,449599
4108,5,36,657540
2516,5,47,407489
1110,2,29,202448
2060,1,38,308753
4732,1,46,677929
4068,1,12,594425
1384,1,15,227296
3599,1,43,535488
1159,4,6,209685
3666,5,47,579847
2811,4,26,457488
4806,2,44,726356
2425,3,34,346640
3564,5,14,601933
1690,2,27,285672
1531,4,34,288852
4761,3,6,773002
3304,2,49,519550
1414,3,45,213870
4606,2,49,692427
2519,4,45,418689
2387,3,19,342534
2411,2,31,361776
1696,4,37,241792
1077,5,39,197655
2436,4,31,415216
2958,4,25,471575
3232,5,38,504415
4704,4,19,741763
4062,5,17,659049
2249,5,49,372508
2032,5,14,323501
4917,2,21,751919
1477,3,21,244733
3458,2,20,547665
2828,5,1,472187
4558,3,39,733684
2837,3,42,436196
3449,5,17,549288
1456,3,22,217337
965,3,12,158472
1389,2,40,192370
3621,3,8,566029
2062,5,48,369034
871,1,6,108463
4316,1,40,609618
4380,1,0,662307
1068,5,1,182441
2576,1,3,375261
3262,2,13,509583
2068,5,31,343647
1815,5,35,313520
3522,5,1,589621
1883,3,39,319801
4901,3,49,748230
1206,3,13,228499
3876,4,19,614041
1785,2,24,283558
4403,5,41,697500
1509,5,48,258041
3418,3,7,543313
2211,5,27,404569
2285,5,45,384211
3750,1,20,553552
3734,5,22,645968
4914,4,31,754058
1803,3,7,296845
3266,2,30,478287
3266,2,36,506242
2738,1,15,447004
2739,2,39,381526
2435,2,41,359202
2498,3,26,414032
2891,3,39,422963
2695,4,40,435737
4198,1,17,605171
1873,2,34,292108
3202,4,48,497856
4012,1,14,671151
4837,2,26,747439
1951,2,16,261201
3245,3,39,495755
2756,5,1,479385
4707,1,48,683786
1607,2,49,227418
986,1,30,134745
2107,4,36,348993
3084,4,40,457494
1557,5,40,252319
4654,2,33,722259
3006,3,33,454658
4358,2,2,661761
2380,1,16,331472
1761,4,13,310568
4647,1,13,709058
4375,5,45,703197
1675,4,37,270491
3218,3,34,502015
4998,4,0,795847
1801,2,47,238150
4184,2,28,680668
4866,4,3,787961
3645,5,32,582329
2281,2,16,349665
4101,2,27,648129
1457,3,49,225968
3580,4,25,582772
1222,2,7,188239
4481,5,33,688141
3510,1,17,524765
1252,4,30,213011
3197,3,26,505020
2775,2,15,458087
2457,5,9,436290
3341,4,39,548010
3875,5,11,611097
3964,5,21,628201
3766,3,15,606759
2853,4,11,486748
1087,2,10,192887
4017,3,19,611795
4654,2,0,697267
2247,1,26,338709
1407,5,2,242215
2564,1,11,398312
2025,5,29,364263
2035,3,8,335031
1829,2,36,250233
3471,2,0,530464
4762,3,41,741093
3977,4,48,622028
4522,1,3,697877
2275,1,14,379629
3696,2,26,568381
1608,2,7,264050
1778,2,22,292833
3263,3,14,488986
1525,4,26,246847
3301,1,30,475380
4162,5,38,668398
2016,3,46,291017
4851,1,7,745418
2997,4,29,470714
3606,3,41,543276
1578,1,17,256436
1772,3,3,267656
3610,1,46,518726
2923,1,42,486040
1398,4,21,276208
4141,5,2,633861
1024,4,14,176448
1640,1,34,240256
2614,3,46,370875
1906,4,37,347760
924,5,32,173191
4046,1,13,606681
3731,4,47,583771
4925,4,0,786052
3771,4,48,564562
2817,4,25,476355
3215,3,7,511990
3896,5,49,636074
2409,5,15,392337
1517,1,37,183131
4361,2,9,698395
1816,3,41,296707
4365,1,36,670114
2760,1,25,436094
1848,4,27,304085
2157,2,11,330711
4226,2,19,642566
915,3,48,154278
2895,2,13,453290
2601,1,45,341066
2946,2,34,442530
2420,2,28,397277
3750,5,11,606973
4592,1,17,734790
3741,2,43,540429
1777,2,1,293020
3866,4,1,599693
1583,2,16,232338
1040,2,9,154574
2353,5,17,438643
1812,1,21,266257
986,3,18,154847
2681,1,0,412095
1230,4,23,208551
1038,1,35,164429
3145,2,24,438964
875,4,35,134657
2156,1,30,335330
3130,4,30,484727
2702,3,1,419700
4813,1,18,706955
2859,2,11,457822
940,4,9,190099
2589,5,30,442502
4426,4,44,658646
816,5,21,137463
1264,2,22,221346
2627,3,22,417152
3828,5,14,605081
1319,3,25,212206
889,4,2,147663
3651,2,22,546057
3643,5,19,590134
2684,4,44,427689
4971,1,39,734401
1725,4,38,275955
4534,3,7,721265
1769,2,17,274822
1894,2,40,275157
3995,4,5,621504
2204,1,26,292248
4164,3,35,650098
4782,4,14,779571
4813,4,36,727419
3892,2,4,576398
4959,3,38,742395
2874,1,8,442910
1084,2,6,169494
1987,4,40,307596
4769,2,19,724191
3765,2,9,582266
1583,5,25,282315
1749,2,3,274946
4739,2,37,706090
844,3,23,106660
2610,2,13,423713
2881,1,40,427197
4298,4,0,714921
1629,3,16,276572
2709,2,44,402878
3381,1,23,475929
1491,4,26,217974
4819,3,6,770816
1731,1,8,276880
4206,2,42,659207
947,5,34,193674
1832,5,11,311877
2111,3,20,290648
1187,1,2,199140
3921,4,14,600828
2673,1,20,397263
4388,5,9,711942
1715,3,32,258637
2678,2,45,382696
4548,1,5,683556
1077,5,1,170126
2777,4,28,421876
2659,3,39,388387
3836,2,32,574683
4171,1,3,615206
2982,4,3,475483
1970,2,28,292600
1289,5,36,267903
3325,5,19,554641
1982,4,40,314892
3288,5,22,541181
2676,3,44,427814
3262,4,17,526555
2430,5,48,369822
1087,1,24,158309
2707,5,0,436532
1961,3,14,310568
929,2,33,139672
3163,2,47,492001
943,5,19,166067
815,2,36,106765
1044,5,26,179261
1726,3,21,266219
3978,2,4,608336
2976,1,33,446486
1686,5,38,268197
1140,2,2,192297
2851,3,16,452195
4198,3,23,659273
4750,1,23,706784
1105,3,2,211391
1707,3,44,271430
3454,2,6,541583
4592,5,24,715786
4842,4,2,770791
2171,3,14,355695
1120,3,28,172048
4859,4,49,768235
1931,3,28,358120
3378,2,9,509057
4842,2,31,721396
4167,4,22,645149
1617,3,38,227358
811,3,8,130124
994,5,36,198244
3337,3,39,509409
3642,2,13,598180
3029,1,3,457079
3809,1,19,580177
2877,1,27,409964
4667,1,13,701346
1243,3,43,196706
1097,3,33,135968
1644,5,12,274100
1815,3,30,299968
2184,1,32,333253
2197,4,38,325582
1353,4,27,222230
3150,2,24,433107
2069,2,31,314781
2060,3,8,360205
984,4,27,200172
3210,1,30,501861
3009,1,16,463889
4472,1,22,692964
2681,3,12,422364
1321,3,9,213212
2687,5,15,468362
3352,1,5,516069
4609,1,47,641945
4955,3,10,792581
4279,3,2,666452
2209,5,27,354507
2494,5,40,423678
1326,2,14,228781
3460,4,12,533862
2972,1,41,432158
1079,1,44,131681
3764,5,16,588961
4777,5,6,703694
3469,2,27,506570
3693,4,37,572027
2551,2,12,339984
4781,4,16,721712
3161,1,14,489291
4931,2,35,713903
2508,5,27,409555
3486,2,14,502832
3695,2,45,559938
3576,1,10,534884
1919,5,30,304496
3788,5,3,563810
994,3,34,144222
1462,3,33,246094
1279,3,26,239851
2223,1,9,334564
3508,2,29,529698
3975,5,44,610700
4614,5,19,757185
2814,2,28,423286
4589,5,28,742224
3243,2,22,500414
1711,1,49,244608
4013,1,20,581544
3164,1,47,496751
4429,2,42,692668
4272,2,9,701783
1480,4,40,220012
1409,5,11,261130
2956,5,29,463033
4666,4,32,732773
1171,4,17,212994
1415,1,13,207470
3053,4,21,482877
4938,2,20,792515
1664,3,0,276893
2068,2,48,262148
1584,4,42,245876
4978,5,14,767794
3037,2,35,439654
4854,5,46,769286
1735,2,21,287568
4780,5,31,734639
3138,2,45,457186
1125,5,32,188786
2334,3,40,390462
4280,1,38,651415
4661,2,22,721688
2785,3,42,406108
3578,1,1,512014
2070,2,1,354609
1440,3,37,265878
4878,3,28,712568
2167,3,45,377379
4842,4,2,763179
3375,5,38,540613
4403,1,6,641092
2381,5,35,354154
2786,5,28,408623
3040,5,36,508616
4766,3,48,719245
2905,5,35,477465
928,4,22,190862
4796,2,44,715484
1651,3,15,303939
4903,1,47,705441
2876,2,30,428047
3794,2,33,554543
4544,2,49,693810
3556,5,0,605671
2444,5,17,399041
3944,3,39,574237
1042,5,42,209912
4885,5,14,758135
970,5,47,163943
1452,3,48,202334
4312,3,16,674549
2299,4,43,347950
2899,4,9,484378
2958,4,19,463004
2772,4,5,464056
4725,2,7,706756
3058,2,44,481225
4839,4,33,739351
2835,4,31,451551
4071,1,41,576391
1657,2,3,266728
4623,1,43,658934
1849,1,49,261972
4790,5,38,730269
1098,3,19,182092
1723,2,23,276268
3599,4,23,540903
4862,4,25,755929
4845,3,24,752916
2602,2,35,400881
3513,4,6,602317
3653,4,9,568559
3457,5,46,545493
4146,1,11,661354
2271,4,0,353184
3749,2,49,511899
1741,3,24,289861
2707,5,15,469414
2043,2,4,282249
2266,5,18,374503
4757,1,3,701691
2766,4,5,458593
1175,2,25,183073
1062,3,48,191478
4188,1,38,592302
4195,1,38,627970
2744,5,8,470032
2693,1,44,392956
4434,2,13,638462
2452,5,47,402610
4941,1,8,732536
4692,3,14,691934
1399,2,36,219234
2712,3,49,427644
2092,3,19,321992
1400,5,7,273176
1180,4,31,218377
4437,5,46,692200
2963,2,20,466376
1898,2,40,304227
1165,5,18,226250
3370,4,28,485760
4219,5,30,617443
3276,2,5,530221
1590,4,3,263231
4369,2,42,644430
1546,4,28,295699
1112,4,41,171626
1720,5,2,304230
1877,5,0,331799
3629,5,43,568590
3181,4,14,537031
4418,4,46,672207
1597,2,20,263937
1072,3,45,169705
3810,5,30,625838
2573,2,6,375511
3347,2,16,468978
3964,1,18,596194
1746,5,38,275950
3465,2,2,568047
1306,1,29,189738
1043,5,34,193845
1305,4,28,215602
3958,1,49,566173
4390,4,13,693150
2672,3,34,434094
4593,3,27,699198
1992,3,29,306643
2264,3,25,373196
1190,2,6,161806
4177,3,38,661319
1472,2,30,209672
3360,2,4,540891
2011,5,34,340526
1729,2,49,213171
2339,2,46,348087
1712,3,13,306585
1443,2,35,212878
1301,4,26,217914
1529,3,23,232501
2083,1,39,326860
2918,3,28,444441
4636,2,44,729230
1719,4,21,310456
4850,3,7,780638
3139,4,14,505453
1555,1,48,209523
2669,1,4,417918
1307,5,3,275589
2236,5,10,415864
3375,3,17,490606
4226,5,41,717495
1358,4,48,224742
3902,5,29,636382
4422,4,14,678394
4857,5,5,756766
4515,5,15,690973
2101,5,46,376223
2955,2,39,429988
1492,2,8,237962
2278,5,42,364672
1056,4,33,161483
3230,3,26,497520
1241,1,12,191908
2681,2,35,429625
3446,5,26,532718
4620,1,8,687329
2535,2,4,409252
4535,3,21,700657
3445,4,30,543026
818,5,2,152278
1924,3,29,319669
4785,2,20,756022
3454,5,34,577523
2880,1,5,435627
2347,4,27,326890
1661,2,31,258324
954,4,41,164606
4294,5,36,655737
1704,3,24,257166
2069,4,31,314938
1204,1,34,179090
1643,2,21,239501
2582,1,23,389101
2364,4,38,423130
1984,3,29,309383
1546,3,49,214199
2525,1,31,344183
3988,5,30,639801
1070,5,22,239557
4756,3,39,705868
971,1,32,96550
1073,1,24,193099
3106,1,35,508725
1958,4,23,337334
2506,5,30,419511
2571,5,38,417984
1221,4,45,214270
2009,2,12,328046
1690,4,9,294659
4067,1,22,590003
2273,4,17,378003
4043,1,31,598981
2981,3,32,445109
2249,1,35,335357
3896,5,27,611176
4056,4,15,642254
3956,1,15,605029
2390,2,17,381963
4781,3,7,734418
2235,2,41,343757
1023,2,15,179613
1019,2,10,187327
2454,3,5,401697
1064,3,0,201706
1753,3,11,279021
4533,3,37,742988
3574,2,27,541317
3924,5,44,639023
1279,5,16,224114
4314,3,0,684595
2153,4,31,354198
4122,1,7,635356
4678,4,39,705239
1689,4,42,280138
4654,4,45,705942
1724,5,23,313489
2970,1,9,433435
2702,4,46,428417
3195,3,38,489683
828,5,38,192298
834,3,9,172955
4389,3,35,698299
3470,4,24,533068
4165,3,49,622582
1388,1,9,213618
4018,3,18,646591
3938,4,45,615721
1703,3,44,248466
4886,5,14,761761
2969,5,15,511699
1139,5,1,228516
2514,2,28,384149
1356,5,3,251292
3887,5,49,626457
4066,2,28,594812
4367,5,30,691087
2856,4,16,462632
4699,5,9,725431
1816,5,26,305251
2862,2,40,475030
1638,4,14,261999
2437,3,43,376570
4296,1,30,597857
2613,4,20,419171
4279,3,40,630362
2251,4,45,348113
3113,3,44,483473
2314,3,25,342084
2031,4,37,330970
2445,2,35,353654
3799,4,16,575140
4240,4,2,694654
4856,3,13,732671
1105,1,48,143273
4336,3,12,662985
2523,5,40,412787
2489,4,26,400996
2317,4,0,384245
4717,2,16,705375
1219,3,47,184043
3736,2,49,561776
4662,4,33,725157
2250,3,13,383435
3896,3,16,621660
4061,5,2,680279
1964,5,33,355168
2669,1,39,394591
2619,5,24,447922
3505,3,1,561963
4315,5,33,707285
2142,1,25,283702
3026,4,30,472588
1879,5,8,336051
3579,3,29,563749
3328,4,19,529347
1613,3,20,228699
2831,4,28,447098
1122,3,24,202624
3769,5,37,590536
1703,5,43,285800
2341,1,24,387480
4303,4,8,677712
3453,1,38,505802
3276,2,43,493783
4140,5,25,663250
1941,4,36,315842
1649,1,15,257714
1166,1,36,143098
3697,2,11,566625
1889,1,23,257282
4841,3,25,744769
2838,5,19,478291
3660,1,8,552226
2654,1,22,378163
1294,2,38,186481
3982,3,28,649320
2584,1,30,411593
4310,5,18,676655
4586,5,19,717456
4930,1,22,736324
1798,3,42,303493
2251,5,26,339630
2551,5,29,407046
3080,3,20,490226
3734,3,43,574517
4534,1,34,664547
4146,4,48,632854
2673,2,6,424569
4603,4,21,711742
2779,4,9,431081
1498,5,22,259991
2112,3,14,343587
3762,5,29,557311
3738,2,33,572044
3100,1,12,488483
3997,2,3,610904
926,5,17,173617
1991,5,22,322881
3439,5,32,546802
4716,5,33,729736
2166,4,33,377352
1819,1,35,267842
4879,4,34,711899
1484,5,16,276010
4429,3,27,715232
3687,4,13,596731
2262,5,33,396600
4886,5,47,772943
3061,1,10,483969
4980,2,12,779845
3641,4,32,589225
2567,4,1,430883
4980,4,33,736199
4360,5,28,668214
2912,1,36,407380
1426,5,3,211888
4959,5,11,779654
4214,3,25,677909
2175,1,27,294022
1981,4,2,350711
1290,2,19,214582
4529,4,9,719449
4334,5,17,715251
4096,1,26,610573
2740,1,30,436430
2682,1,26,395310
3787,3,41,584417
3959,4,0,631017
1481,3,5,231174
1873,2,10,269018
3187,5,33,523054
3194,3,38,517045
3493,3,19,549333
2170,5,20,375779
2956,1,20,412313
3380,5,17,556205
2959,4,20,432258
4048,5,18,624288
4531,1,3,714833
4629,5,12,738623
2427,3,17,387666
4272,2,28,657876
827,3,24,158012
2785,2,12,426333
4953,5,26,785808
2321,4,18,377759
1096,5,48,159760
2981,1,0,450059
4202,5,37,670060
3096,2,18,467700
3397,3,0,532031
1701,4,39,291293
1898,5,16,329922
2477,5,20,418587
3681,3,21,539155
2178,4,14,368666
2048,5,49,310531
4535,5,38,710759
2064,2,47,284835
2707,2,38,425708
1858,1,31,309792
3549,3,48,535398
2848,4,3,462562
3276,5,43,540514
4816,5,44,761837
3997,1,31,592624
4353,5,3,708814
2561,3,0,454746
1020,1,32,133562
3688,3,6,568482
2464,1,8,391493
4786,5,0,810148
3777,1,15,572594
2671,2,17,377958
2262,4,46,364107
1144,5,5,208601
844,4,1,175623
2868,5,8,449013
2314,4,3,356084
3398,2,44,501762
1801,4,22,332194
1833,1,42,236517
2840,4,44,437593
1073,5,42,160673
3447,3,7,549347
2579,4,38,412280
1278,4,24,191221
1315,4,15,255504
1991,5,34,293205
3468,4,16,583729
2211,5,17,400639
4080,5,26,655115
1071,3,14,201572
942,1,16,139737
4132,5,42,617992
1587,2,4,260779
2481,4,15,373231
1422,2,14,226082
4641,4,41,690913
4476,3,45,698408
3372,5,33,546903
4060,1,47,609066
866,5,18,177705
1940,4,7,365116
3114,1,46,474547
3332,5,9,579372
4380,1,4,646998
1987,4,47,303698
4139,3,25,589883
1348,3,21,213852
4887,5,43,760839
872,2,22,148486
998,4,12,173081
4001,5,8,660878
2581,5,48,426476
1371,3,19,216678
1590,1,27,215831
2438,4,43,385518
2631,1,36,388636
2655,4,23,414595
1974,2,43,289415
4540,3,32,666642
4077,2,19,635621
978,5,47,187094
3044,3,29,473079
4886,5,43,776710
1534,2,8,248723
1598,4,44,290025
1587,5,48,238121
3595,1,16,545285
3884,4,35,623166
3718,4,13,621042
1531,2,18,256501
1929,2,6,285590
4246,3,2,632799
2405,3,32,371352
4578,1,43,682434
3545,4,31,575144
3970,1,46,560590
3733,1,10,577164
2015,2,41,248197
1124,1,1,163310
2650,1,25,412205
2290,5,3,368175
1693,3,16,253878
2190,3,16,339991
4189,4,27,658389
3063,3,29,452644
4232,4,39,654654
3171,5,22,506006
3886,3,45,613558
2315,5,23,376074
3717,3,28,574116
3152,3,3,504626
1967,5,37,318155
910,1,28,147894
4455,1,18,688802
4593,1,26,676170
2555,1,28,385112
2377,3,35,350499
2096,2,34,328676
4574,5,5,738256
3020,2,22,454721
1772,2,38,273398
1830,4,45,303857
3393,1,43,522057
4792,3,47,733249
1713,1,7,281218
2981,1,1,494747
3997,2,12,592870
2262,4,39,383226
3178,1,20,459117
4254,5,30,658830
4353,5,47,679214
2107,1,35,295629
1989,2,47,278585
1487,2,37,223341
2007,3,26,311385
2694,4,35,413293
2611,2,47,369097
3983,3,22,644952
4597,5,20,705545
2444,5,12,407246
4768,5,36,769558
3516,1,46,530590
990,4,25,180674
2135,3,39,318277
3906,4,6,622524
1178,1,45,141718
4629,3,38,699647
1415,3,21,225744
3130,2,38,466425
2554,4,22,396339
1263,4,29,181032
1766,2,17,301437
3958,5,41,643795
4424,1,17,682593
1489,4,45,248418
3422,2,9,532207
3012,3,38,448926
1182,2,29,171063
3056,5,25,525007
4610,1,6,732158
4303,5,6,688754
2212,3,4,359875
2383,3,0,402096
1171,3,45,185019
1410,3,17,236380
915,2,12,150054
1246,3,24,186143
2191,3,39,331689
4124,2,7,632426
2140,3,9,296097
3739,5,31,597100
4499,5,16,763301
1873,4,37,293862
4369,5,14,699012
3950,1,14,578690
2405,1,47,325372
3094,1,39,448398
4462,2,19,692395
1783,5,14,305774
1151,1,34,158168
2524,4,5,426011
2751,2,29,422151
2079,4,7,353935
2707,5,30,464855
1824,3,47,301392
1345,4,46,248664
4974,3,31,736343
3181,2,44,492295
1688,4,14,319116
1905,4,17,284596
3349,2,12,515948
2790,2,23,416134
4798,1,39,709713
4575,5,13,752689
3612,4,27,540385
1720,4,10,297899
2861,2,5,435357
4439,2,24,697402
3965,5,0,653168
3444,2,24,521445
1845,3,1,291887
4356,3,31,721058
3481,3,12,551747
3999,3,32,585450
1738,5,31,278985
1241,4,23,222902
3350,3,26,504899
1396,2,3,215759
2305,3,23,383968
1661,5,22,306098
3440,2,28,510575
4531,3,33,716567
2351,4,20,368437
4036,2,29,644770
2536,2,25,398650
2249,4,19,373653
1064,2,15,164403
3459,3,2,535676
3521,2,48,477620
2262,3,36,345417
2245,4,39,357040
3098,1,43,416677
3725,4,24,603217
2432,3,22,380592
3174,5,43,528894
1312,4,0,223126
1015,5,32,210978
4131,5,14,653669
2972,3,16,466794
3953,3,33,610762
2506,1,16,377066
2906,2,40,441987
2367,4,43,335059
3008,3,3,476912
3131,4,12,502041
2953,5,3,451720
1928,2,6,319049
4310,1,45,615772
4453,4,8,722796
3165,2,22,485469
3721,1,32,540664
1879,4,32,325943
4311,2,19,690387
3541,3,3,560420
3820,4,0,640497
1028,2,41,150177
970,1,33,158246
1094,2,26,163750
1225,3,20,240267
1718,4,23,307746
4053,4,14,650356
1298,4,34,167022
3609,3,24,568326
1625,1,8,225051
4579,4,16,725915
2658,1,20,424249
2918,2,12,465479
945,1,2,167924
4377,1,3,657589
992,4,3,156807
4688,5,42,716771
851,5,27,157555
3210,3,6,508218
2620,3,25,435882
3764,5,10,624211
3321,2,23,551044
2669,4,42,399324
3368,4,9,563979
2667,2,36,419557
3538,2,12,542368
4069,5,43,619630
3999,3,41,597040
3379,2,38,494578
4805,3,18,775963
1040,1,18,173565
4240,4,11,687813
2207,5,21,372303
4302,4,46,657724
4838,5,36,764446
882,1,29,129849
4568,4,45,700779
1750,1,11,274333
1410,5,28,226182
4405,2,20,676090
4083,4,10,645234
2973,1,36,423657
4284,4,47,671912
2322,4,17,415703
3401,4,43,554211
3457,3,26,529897
2959,1,36,449137
3249,1,47,490717
4630,4,11,731383
921,2,22,146670
2117,4,33,347925
3318,3,37,559451
2030,5,22,348646
1933,3,24,282601
2101,2,3,312724
4834,4,29,747176
2710,1,29,377062
2305,4,12,377099
3985,2,41,641754
2716,1,48,383171
4348,3,13,653954
3557,5,46,556398
2756,5,7,457821
978,4,23,155423
1696,3,17,251132
2351,2,34,382775
1291,5,24,241665
860,3,16,141345
1877,4,31,282941
3695,1,23,542401
4960,4,6,756479
4483,4,12,694860
1385,3,26,266088
4760,5,47,745277
4570,3,4,701139
1334,1,35,206190
4262,3,25,638199
4811,2,41,713037
4198,4,44,610616
2955,5,30,503731
1804,1,9,272065
3299,4,45,495974
1126,3,25,199389
3506,2,21,514445
801,3,11,124911
1833,4,31,291869
3281,1,26,465199
924,5,32,159531
